pregunta,opcion1,opcion2,opcion3,opcion4,opcion5,correctas,explicacion
"La Organización Mundial de la Salud manifiesta que el riesgo en la vía pública surge como resultado de diversos factores, ¿cuáles son?","Vehicular y Ambiental.","Humano y Vehicular.","Humano, Vehicular y Ambiental.",,,"3","Respuesta según el cuestionario oficial de la Provincia de Buenos Aires."
"¿A qué factor se deben la mayoría de los siniestros viales?","Al humano.","Al vehicular.","Al ambiental.",,,"1","Respuesta según el cuestionario oficial de la Provincia de Buenos Aires."
"A fin de aumentar la propia seguridad y la de los demás, ¿a qué se debería poner atención durante la circulación?","Al estado del pavimento y al clima, en especial.","A las condiciones en que se encuentran: el automóvil, la infraestructura vial, las condiciones climáticas y el conductor.","Ninguna de las anteriores.",,,"2","Respuesta según el cuestionario oficial de la Provincia de Buenos Aires."
"El factor ambiental es el principal factor de riesgo ya que las colisiones, en su mayoría, se deben a las condiciones meteorológicas o del camino","Verdadero.","Falso.",,,,"2","Respuesta según el cuestionario oficial de la Provincia de Buenos Aires."
"Por lo general, las fallas mecánicas se deben a conductas negligentes por parte de los propietarios de los vehículos, que no se ocupan de la verificación del estado de su automóvil","Verdadero.","Falso.",,,,"1","Respuesta según el cuestionario oficial de la Provincia de Buenos Aires."
"¿A qué se denomina incidente de tránsito o incidente vial?","Hecho que puede ser evitado, en el cual se produce daño a persona o cosa, en ocasión de circulación en la vía pública.","Hecho impredecible e inevitable en ocasión de circulación en la vía pública.","Hecho, evitable o no, que involucra daños a terceros.",,,"1","Respuesta según el cuestionario oficial de la Provincia de Buenos Aires."
"“Cada usuario de la vía pública es responsable de una parte del tránsito.” ¿Es correcta ésta premisa?","No, porque los que tienen responsabilidad son aquellos que conducen cualquier tipo de vehículo.","No, la responsabilidad la asumen aquellos que obtienen una licencia de conducir.","Sí, porque se está obligado a no causar peligro ni entorpecer la circulación.",,,"3","Respuesta según el cuestionario oficial de la Provincia de Buenos Aires."
"“Como usuarios de la vía pública estamos obligados a no entorpecer injustificadamente la circulación y a no causar peligro, perjuicios o molestias innecesarias a las personas o daños a los bienes.” ¿Es correcta esta premisa?","Sí, independientemente del tipo de movilidad elegido.","No, los peatones son usuarios de la vía pública y no están obligados.","Sí pero sólo si estamos conduciendo un vehículo.",,,"1","Respuesta según el cuestionario oficial de la Provincia de Buenos Aires."
"Además de provocar víctimas fatales o lesionados graves, ¿qué otras consecuencias puede generar un siniestro de tránsito?","Daños materiales, costos sanitarios y administrativos.","Daños materiales y costos sanitarios.","Sólo daños materiales.",,,"1","Respuesta según el cuestionario oficial de la Provincia de Buenos Aires."
"Todo usuario de la vía pública debe, como premisa básica…","Asumir la obligación de no entorpecer la circulación y no causar peligro, perjuicios o molestias innecesarias a las personas o daños a los bienes.","Acreditar experiencia de manejo en vehículos por más de un año.","Concurrir a cursos de actualización en temática vial, con una frecuencia no mayor a seis meses.",,,"1","Respuesta según el cuestionario oficial de la Provincia de Buenos Aires."
"¿Cuáles son los dos principios básicos de todo sistema de tránsito en el mundo?","Velocidad y confort.","Fluidez y seguridad.","Comodidad y agilidad.",,,"2","Respuesta según el cuestionario oficial de la Provincia de Buenos Aires."
"Indique cuál es la premisa correcta:","A menor cantidad de vehículos, mayor probabilidad de siniestralidad.","A mayor cantidad de vehículos, menor probabilidad de siniestralidad.","A menor cantidad de vehículos, menor probabilidad de siniestralidad.",,,"3","Respuesta según el cuestionario oficial de la Provincia de Buenos Aires."
"¿Cuál de las siguientes opciones representa a los usuarios de la vía, ordenados de más a menos vulnerable?","Camión - Colectivo - Moto - Ciclista - Peatón - Taxi/Automóvil.","Peatón - Ciclista - Moto - Colectivo - Taxi/Automóvil - Camión.","Peatón - Ciclista - Colectivo - Moto - Taxi/Automóvil - Camión.",,,"2","Respuesta según el cuestionario oficial de la Provincia de Buenos Aires."
"¿Qué se debe evitar al circular en bicicleta?","Usar auriculares y dispositivos electrónicos, que afecten la concentración.","Usar ropa oscura y suelta.","Ambas respuestas, A y B, son correctas.",,,"3","Respuesta según el cuestionario oficial de la Provincia de Buenos Aires."
"Un menor de 12 años puede circular en bicicleta por la calle","acompañado de un adulto mayor de 18 años.","Por la vereda, a la menor velocidad posible.","Ambas respuestas, A y B, son correctas.",,,"3","Respuesta según el cuestionario oficial de la Provincia de Buenos Aires."
"¿Cuál es la velocidad máxima permitida para circular con una bicicleta con asistencia eléctrica?","Debe cumplir con las mismas normas de velocidades que el resto de los vehículos.","60 km/h.","30 km/h.",,,"1","Respuesta según el cuestionario oficial de la Provincia de Buenos Aires."
"¿Qué indica una demarcación horizontal verde?","Que en esa intersección hay una ciclovía o bicisenda.","Que se aproxima a un cruce ferroviario.","Que es un cruce exclusivo de peatones",,,"1","Respuesta según el cuestionario oficial de la Provincia de Buenos Aires."
"¿Qué es una ciclovía","Sector señalizado especialmente en la calzada para la circulación con carácter preferente de ciclorodados (bicicletas) y dispositivos de movilidad personal.","Sector de la calzada señalizado especialmente con una separación física o demarcación horizontal para la circulación exclusiva de ciclorodados (bicicletas) y dispositivos de movilidad personal.","Sector señalizado y especialmente acondicionado en aceras y espacios verdes para la circulación de ciclorodados (bicicletas) y dispositivos de movilidad personal.",,,"2","Respuesta según el cuestionario oficial de la Provincia de Buenos Aires."
"¿Cuál es la principal diferencia entre bicisendas y ciclovías?","La bicisenda es de uso exclusivo de bicicletas y la ciclovía de uso preferencial.","La bicisenda se encuentra sobre la calzada y la ciclovía sobre la vereda.","La bicisenda se encuentra sobre la vereda y la ciclovía sobre la calzada.",,,"3","Respuesta según el cuestionario oficial de la Provincia de Buenos Aires."
"Los ciclistas no están obligados a respetar todas las normas de tránsito, ya que no utilizan un vehículo que genera altas velocidades.","Verdadero.","Falso.",,,,"2","Respuesta según el cuestionario oficial de la Provincia de Buenos Aires."
"¿Qué distancia lateral debe dejar respecto de este ciclista en caso de querer sobrepasarlo","Al menos, un metro y medio.","Al menos, medio metro.","Lo suficiente para no tocarlo.",,,"1","Respuesta según el cuestionario oficial de la Provincia de Buenos Aires."
"¿Está permitido llevar carga en una bicicleta?","Sí, lo único que se debe tener en cuenta es que no comprometa la visibilidad.","No, está prohibido ya que puede desestabilizar la bicicleta.","Sí, debe estar firmemente asegurada, permitiendo maniobrar y no perder la estabilidad.",,,"3","Respuesta según el cuestionario oficial de la Provincia de Buenos Aires."
"El ciclista, ¿tiene permitido llevar un pasajero?","Sí, únicamente si no compromete la visibilidad.","Sí, mientras que esté ubicado en un asiento adicional detrás del conductor.","Ambas respuestas, A y B, son incorrectas.",,,"2","Respuesta según el cuestionario oficial de la Provincia de Buenos Aires."
"Cuando no hay demarcación de la senda peatonal, ¿por dónde deben cruzar los peatones?","Es indistinto, siempre que miren a ambos lados antes de hacerlo.","En coincidencia con las paradas de transporte.","Por la esquina, por la prolongación longitudinal de la vereda sobre la calle.",,,"3","Respuesta según el cuestionario oficial de la Provincia de Buenos Aires."
"¿Qué son los carriles exclusivos?","Vías con un único sentido de circulación.","Bandas longitudinales demarcadas en la calzada, destinadas a la circulación de determinados vehículos.","Lugar por donde circulan ambulancias, bomberos y/o vehículos policiales, en cumplimiento o no de sus funciones.",,,"2","Respuesta según el cuestionario oficial de la Provincia de Buenos Aires."
"¿Qué debe hacer usted si su vehículo queda inmovilizado en un túnel?","Dejar el vehículo cerrado y salir del túnel cuanto antes.","Apagar todas las luces si el túnel está iluminado y solicitar auxilio a través del teléfono móvil.","Apagar el motor, colocar las balizas portátiles, mantener encendidas las luces de posición e intermitentes y llamar al número de asistencia.",,,"3","Respuesta según el cuestionario oficial de la Provincia de Buenos Aires."
"En caso de participar de un siniestro vial en una avenida, es recomendable señalizar la zona para que no se produzcan más incidentes viales.","Verdadero.","Falso.",,,,"1","Respuesta según el cuestionario oficial de la Provincia de Buenos Aires."
"En un procedimiento judicial de un siniestro vial, al ser convocados en carácter de testigo, no es obligatorio presentarse a declarar en la Fiscalía correspondiente.","Verdadero.","Falso.",,,,"2","Respuesta según el cuestionario oficial de la Provincia de Buenos Aires."
"La persona que se da a la fuga en un siniestro vial, dejando a alguien herido, puede ser juzgada por el delito de abandono de persona.","Verdadero.","Falso.",,,,"1","Respuesta según el cuestionario oficial de la Provincia de Buenos Aires."
"En caso de participar de un siniestro vial, ¿de cuánto tiempo se dispone para dar aviso sobre el hecho a la compañía aseguradora del vehículo?","24 horas.","48 horas.","72 horas.",,,"3","Respuesta según el cuestionario oficial de la Provincia de Buenos Aires."
"En caso de participar en un siniestro vial, en el que resultaron personas heridas, el personal policial que acuda al lugar se encargará de preservar la escena del hecho, brindando los medios para que los servicios de emergencia atiendan a los heridos y resguardando los vehículos y otras pruebas del incidente para una adecuada resolución del caso.","Verdadero.","Falso.",,,,"1","Respuesta según el cuestionario oficial de la Provincia de Buenos Aires."
"En caso de participar en un siniestro vial, ¿qué es recomendable hacer como primer paso?","Detenerse inmediatamente y permanecer en el lugar del hecho.","Conducir hasta la comisaría más cercana.","Llamar al 911 y continuar el viaje.",,,"1","Respuesta según el cuestionario oficial de la Provincia de Buenos Aires."
"En caso de siniestro, el orden de actuación recomendado es…","Alertar - Socorrer - Proteger.","Proteger - Alertar - Socorrer.","Socorrer - Proteger - Alertar.",,,"2","Respuesta según el cuestionario oficial de la Provincia de Buenos Aires."
"¿Qué obligaciones impone la ley a aquel conductor que participe de un siniestro?","Detenerse inmediatamente, solicitar auxilio para atender a las víctimas si las hubiera y brindar su colaboración para evitar mayores daños para la circulación.","Suministrar sus datos personales, del vehículo, de la licencia de conducir y del seguro obligatorio a los demás siniestrados y a la autoridad interviniente.","Ambas respuestas, A y B, son correctas.",,,"3","Respuesta según el cuestionario oficial de la Provincia de Buenos Aires."
"¿Quién es el responsable civil por un incidente de tránsito producido por un menor de edad poseedor de una licencia de conducir?","El que firmó la autorización para obtener la licencia.","El que lo acompaña.","El que le autorizó el uso del vehículo.",,,"1","Respuesta según el cuestionario oficial de la Provincia de Buenos Aires."
"En materia de Responsabilidad Civil, ¿qué es lo que se considera como factor determinante para dar inicio a una demanda?","La intención de la conducta dañosa.","La existencia de un daño real, que afecte a algún particular, provocado como consecuencia del incidente","Los antecedentes de la persona que provoca el daño.",,,"2","Respuesta según el cuestionario oficial de la Provincia de Buenos Aires."
"Frente a un incidente de tránsito, ¿puede transferirse la Responsabilidad Penal del conductor de un vehículo al dueño del mismo?","No, porque la responsabilidad penal es intransferible.","Sí. Además, del dueño también puede transferirse a la Compañía de Seguros.","Lo resolverá el Juez, en función de la gravedad del incidente y sus consecuencias.",,,"1","Respuesta según el cuestionario oficial de la Provincia de Buenos Aires."
"En un incidente de tránsito, ¿qué significa que el conductor sea considerado responsable por negligencia?","Que no ha respondido adecuadamente a una circunstancia del tránsito por falta de práctica en la conducción.","Que ha realizado un acto con su vehículo que las reglas de prudencia indican no hacer, o sea, que ha actuado peligrosamente.","Que ha actuado no conforme a las exigencias de la Ley.",,,"3","Respuesta según el cuestionario oficial de la Provincia de Buenos Aires."
"Al tener la licencia vencida, ¿por cuánto tiempo puede seguir conduciendo sin estar en infracción?","30 días corridos desde su vencimiento.","Hasta las 00 horas del día de cumpleaños.","No está permitido conducir con la licencia vencida.",,,"3","Respuesta según el cuestionario oficial de la Provincia de Buenos Aires."
"En caso de comprobar una falta, ¿puede un agente de tránsito retener la licencia de conducir?","No, porque es un documento personal.","Sólo en los casos que la normativa vigente así lo indique.","Sólo en casos de incidentes que involucren a terceros.",,,"2","Respuesta según el cuestionario oficial de la Provincia de Buenos Aires."
"Cuando se vence la licencia de conducir, ¿cuánto tiempo puede transcurrir para su renovación antes de que se necesite tramitarla como si fuese un otorgamiento?","30 días corridos desde su vencimiento.","Para que se la pueda renovar, siempre debe hacerse antes de su vencimiento. Una vez vencida se la debe tramitar como licencia nueva.","90 días corridos desde su vencimiento.",,,"3","Respuesta según el cuestionario oficial de la Provincia de Buenos Aires."
"¿Cuánto dura en su totalidad la condición de principiante?","2 años, sólo en el caso de los menores de 21 años de edad.","6 meses, sólo para quien la tramita por primera vez.","1 año, independientemente de la edad.",,,"2","Respuesta según el cuestionario oficial de la Provincia de Buenos Aires."
"¿Cuántas “cédulas para autorizados a conducir” podrán otorgarse para un mismo vehículo?","Sólo una.","La cantidad que solicite el titular del vehículo.","Hasta cinco.",,,"2","Respuesta según el cuestionario oficial de la Provincia de Buenos Aires."
"¿Se puede manejar un vehículo con “cédula para autorizado a conducir” a nombre de otra persona?","Siempre y cuando se encuentre vigente.","Sólo si es un familiar directo o tiene una relación laboral.","En ningún caso.",,,"3","Respuesta según el cuestionario oficial de la Provincia de Buenos Aires."
"El certificado del seguro de responsabilidad civil es obligatorio llevarlo ÚNICAMENTE cuando se conduce por vías interurbanas.","Verdadero.","Falso.",,,,"2","Respuesta según el cuestionario oficial de la Provincia de Buenos Aires."
"Todo vehículo debe estar cubierto por un seguro, ¿qué daños mínimamente debe cubrir?","Eventuales daños causados a terceros transportados únicamente.","Eventuales daños causados a terceros transportados o no.","Daños causados a los vehículos únicamente.",,,"2","Respuesta según el cuestionario oficial de la Provincia de Buenos Aires."
"Al sufrir la pérdida de la placa de dominio de un vehículo, ¿dónde se puede solicitar su reposición?","Se la puede solicitar en cualquier establecimiento comercial que la realice.","Se la debe solicitar en el Registro Nacional de la Propiedad del Automotor que corresponde al vehículo.","Ambas respuestas, la A y la B, son correctas.",,,"2","Respuesta según el cuestionario oficial de la Provincia de Buenos Aires."
"La ubicación y posición de las placas de dominio del vehículo, ¿puede sufrir algún tipo de modificación?","Sólo pueden, eventualmente, ampliarse para mejorar su visibilidad.","No, deben estar colocadas en el lugar y de forma reglamentaria.","Sólo está prohibido modificar la placa de dominio trasera, no así la delantera.",,,"2","Respuesta según el cuestionario oficial de la Provincia de Buenos Aires."
"¿Cuál es el objetivo de la Verificación Técnica Vehicular?","Reducir la contaminación y mejorar la calidad del medio ambiente.","Garantizar el cumplimiento de las normas de seguridad de los vehículos.","Ambas respuestas, la A y la B, son correctas.",,,"3","Respuesta según el cuestionario oficial de la Provincia de Buenos Aires."
"Si los datos de la licencia de conducir no coinciden con los datos del DNI…","No ocurre absolutamente nada.","La licencia está vigente de todos modos.","La licencia se encuentra caduca. Salvo que no aun este vigente el plazo de gracias de los 90 dias.",,,"3","Respuesta según el cuestionario oficial de la Provincia de Buenos Aires."
"Al tener la licencia vencida, ¿por cuánto tiempo puede seguir conduciendo sin estar en infracción","30 días corridos desde su vencimiento.","Hasta las 00 horas del día de cumpleaños.","No está permitido conducir con la licencia vencida, excepto que el vencimiento fuese un día inhábil, en cuyo caso se traslada al día hábil siguiente.",,,"3","Respuesta según el cuestionario oficial de la Provincia de Buenos Aires."
"¿Se puede manejar un vehículo con “cédula azul ” a nombre de otra persona?","Siempre y cuando se encuentre vigente.","Sólo si es un familiar directo o tiene una relación laboral.","En ningún caso.",,,"3","Respuesta según el cuestionario oficial de la Provincia de Buenos Aires."
"La persona que conduce bajo los efectos de estupefacientes…","Se pone en grave riesgo a sí mismo y a todos los que lo rodean.","Sólo pone en riesgo su propia vida.","Al estar desinhibido, asume menos riesgos.",,,"1","Respuesta según el cuestionario oficial de la Provincia de Buenos Aires."
"¿Cuál de estas sustancias pueden afectar negativamente la capacidad de conducir?","Todos los medicamentos, de venta libre, que no necesitan receta.","Todos los medicamentos con efectos sedantes.","Ambas respuestas, la A y la B, son correctas.",,,"2","Respuesta según el cuestionario oficial de la Provincia de Buenos Aires."
"El consumo de medicamentos, ¿puede afectar la capacidad de conducir?","Siempre.","Nunca.","Depende del tipo de medicamento.",,,"3","Respuesta según el cuestionario oficial de la Provincia de Buenos Aires."
"Por los efectos que provoca, el consumo de drogas ilegales no está permitido al momento de conducir; mientras que las drogas legales nunca afectan negativamente la capacidad de conducir.","Verdadero.","Falso.",,,,"2","Respuesta según el cuestionario oficial de la Provincia de Buenos Aires."
"Consumir cerveza influye en la conducción de un vehículo, haciendo que el conductor reduzca su capacidad de reacción y aumentando el tiempo necesario para responder ante un estímulo.","Verdadero.","Falso.",,,,"1","Respuesta según el cuestionario oficial de la Provincia de Buenos Aires."
"¿Cada cuánto tiempo es recomendable parar si se realiza un viaje largo?","Cada 2 horas aproximadamente.","Cada 4 horas aproximadamente.","Cada 1 hora aproximadamente.",,,"1","Respuesta según el cuestionario oficial de la Provincia de Buenos Aires."
"Si se va a conducir por un largo tiempo, lo recomendable es dormir la noche anterior...","Aproximadamente 8 horas.","Al menos 4 horas.","Algunas horas, su cantidad no influye en la conducción ya que lo importante es realizar paradas de descanso.",,,"1","Respuesta según el cuestionario oficial de la Provincia de Buenos Aires."
"El cansancio puede verse inducido por ingerir:","Bebidas alcohólicas.","Comidas abundantes.","Ambas respuestas, la A y la B, son correctas.",,,"3","Respuesta según el cuestionario oficial de la Provincia de Buenos Aires."
"¿Cuáles de éstos son los síntomas que advierten sobre la fatiga en la conducción?","La sensación de euforia.","La visión borrosa y el aumento del número y duración de parpadeos.","No realizar movimientos en el asiento, ni cambios de postura.",,,"2","Respuesta según el cuestionario oficial de la Provincia de Buenos Aires."
"Un conductor principiante, ¿puede sentirse más fácilmente fatigado?","Sí, por la falta de experiencia en la conducción.","No, porque todos somos iguales ante la Ley.","Únicamente cuando se trata de una persona que padece de fatiga crónica.",,,"1","Respuesta según el cuestionario oficial de la Provincia de Buenos Aires."
"¿Por qué es peligroso conducir cansado?","Porque reduce la capacidad de reacción y aumenta el tiempo necesario para responder ante un estímulo.","Porque se circula más rápido.","Porque el viaje dura más.",,,"1","Respuesta según el cuestionario oficial de la Provincia de Buenos Aires."
"¿Qué consecuencias tiene conducir habiendo dormido pocas horas previamente?","Reduce la capacidad de reacción y el estado de alerta.","Predispone a tomar malas decisiones, poniendo en riesgo la vida.","Ambas respuestas, la A y la B, son correctas.",,,"3","Respuesta según el cuestionario oficial de la Provincia de Buenos Aires."
"Para evitar o retrasar la aparición de la fatiga, es aconsejable que el conductor:","Escuche música a alto volúmen.","Mantenga el interior del vehículo a una temperatura superior a 25 °C.","Mantenga bien ventilado el interior del vehículo.",,,"3","Respuesta según el cuestionario oficial de la Provincia de Buenos Aires."
"¿Puede afectar negativamente la conducción, si el acompañante comienza una discusión con el conductor o con otra persona de la vía pública?","Sólo si es con el conductor. Si la discusión es con otra persona, lo mantiene en alerta ya que la tensión evita la somnolencia.","Sí, puede entorpecer su capacidad de atención al contexto, ya que las discusiones generan un estado de estrés.","No genera ningún efecto, siempre y cuando el conductor esté en condiciones legales para conducir.",,,"2","Respuesta según el cuestionario oficial de la Provincia de Buenos Aires."
"Bajo los efectos del estrés, la conducción se vuelve:","Más temeraria.","Menos segura.","Ambas respuestas, A y B, son correctas.",,,"3","Respuesta según el cuestionario oficial de la Provincia de Buenos Aires."
"El estrés no necesariamente puede alterar las capacidades para conducir de manera segura.","Verdadero.","Falso.",,,,"2","Respuesta según el cuestionario oficial de la Provincia de Buenos Aires."
"¿Cuál es el tiempo promedio de reacción de un conductor desde que percibe un peligro hasta que acciona el freno?","Aproximadamente 1 segundo.","Entre 2 y 3 segundos.","Es inmediato, no transcurre tiempo entre estas acciones.",,,"1","Respuesta según el cuestionario oficial de la Provincia de Buenos Aires."
"Si un conductor necesita realizar una llamada de urgencia con el teléfono celular, ¿qué debe hacer para no generar una situación de riesgo en la vía pública?","Colocar balizas y detenerse en un lugar donde esté permitido.","Ocupar el carril derecho, para circular a baja velocidad, y utilizar las balizas.","Al tratarse de una llamada de urgencia, no importa donde se realice.",,,"1","Respuesta según el cuestionario oficial de la Provincia de Buenos Aires."
"La Verificación Técnica vehicular:","Es obligatoria para todos los vehículos.","Solamente para los destinados a transporte","Para todos los vehículos, excepto las motos, triciclos y cuatriciclos.",,,"1","Respuesta según el cuestionario oficial de la Provincia de Buenos Aires."
"Los datos en consignados en la licencia de Conducir:","Todo dato del conductor que se encuentra en la Licencia debe estar actualizado.","Sólo los datos referentes a nombre y domicilio del conductor.","Sólo deben actualizar los datos los conductores profesionales.",,,"1","Respuesta según el cuestionario oficial de la Provincia de Buenos Aires."
"¿ Que funcion cumplen las señales de prevencion?","Indican lo que se puede hacer o lo que esta prohibido hacer durante la circulacion.","Avisan sobre riesgos eventuales al circular por la calle.","Informan sobre destinos y servicios.",,,"2","Respuesta según el cuestionario oficial de la Provincia de Buenos Aires."
"¿A que grupo de señales pertenecen las que son (en su mayoria) de forma redonda, de colores rojas y blancas y figura negra?","De informacion.","De reglamentacion.","De prevencion.",,,"2","Respuesta según el cuestionario oficial de la Provincia de Buenos Aires. En el examen es una pregunta de carácter eliminatorio."
"Si desea girar a la izquierda desde una calle de sentido único, ¿qué maniobra debe realizar?","Debo acercar el automóvil al centro de la calle y luego girar.","Debo acercarme al cordón de la misma mano para luego girar.","Debo acercar el automóvil a la derecha y luego girar.",,,"2","Respuesta según el cuestionario oficial de la Provincia de Buenos Aires."
"¿En qué circunstancias está permitido circular sin respetar distancias prudentes con el vehículo que va adelante?","Transitando vías multicarriles.","En toda circunstancia, si no se trata de vehículos de carga.","Está prohibido en toda circunstancia.",,,"3","Respuesta según el cuestionario oficial de la Provincia de Buenos Aires."
"¿En qué circunstancia está permitido circular marcha atrás?: (para todas las clases menos para moto)","Al salir de garajes.","En calles de tierra.","En garajes y calles de tierra.",,,"1","Respuesta según el cuestionario oficial de la Provincia de Buenos Aires."
"Comprobante de Seguro:","Es optativo circular con el comprobante de seguro","Es obligatorio circular con el comprobante de seguro.","Es obligatorio circular con el comprobante de seguro sólo en caso de conductores profesionales.",,,"2","Respuesta según el cuestionario oficial de la Provincia de Buenos Aires."
"Menores de edad:","Los menores de hasta DIEZ (10) años deben viajar sujetos al asiento trasero con el correaje correspondiente.","Los menores de hasta OCHO (8) años deben viajar sujetos al asiento trasero con el correaje correspondiente.","Los menores de hasta SEIS (6) años deben viajar sujetos al asiento trasero con el correaje correspondiente.",,,"1","Respuesta según el cuestionario oficial de la Provincia de Buenos Aires."
"Exceso de velocidad:","Se encuentra prohibido conducir con exceso de velocidad compitiendo con otros u otros vehículos.","Se encuentra prohibido conducir con exceso de velocidad compitiendo con otros u otros vehículos o animales.","Se encuentra prohibido conducir con exceso de velocidad compitiendo con otros vehículos preparados para carrera.",,,"2","Respuesta según el cuestionario oficial de la Provincia de Buenos Aires."
"Retención del vehiculo","El vehículo será secuestrado y retenido por 10 días si el infractor fuere el propietario.","El vehículo será secuestrado y retenido por 30 días si el infractor fuere el propietario","No es posible secuestrar el vehículo porque está prohibido legalmente.",,,"2","Respuesta según el cuestionario oficial de la Provincia de Buenos Aires."
"¿Cual es la edad minima para adquirir cualquier tipo de licencia según lo establecido en la Ley?","La edad mínima para adquirir cualquier tipo de licencia es 16 años.","La edad mínima para adquirir cualquier tipo de licencia es 18 años.","La edad mínima para adquirir determinada categoría de licencias es 16 años.",,,"3","Respuesta según el cuestionario oficial de la Provincia de Buenos Aires."
"¿Está permitido conducir en la vía pública con auriculares puestos?","Si, ya que no genera impedimento visual ni físico.","No, está expresamente prohibido por la ley.","Depende la edad del conductor.",,,"2","Respuesta según el cuestionario oficial de la Provincia de Buenos Aires."
"Limítase el expendio de bebidas alcohólicas, cualquiera sea su graduación, para su consumo, en establecimientos comerciales que tengan acceso directo desde caminos, rutas, semiautopistas o autopistas conforme lo establezca la reglamentación.","Verdadero.","Falso.",,,,"1","Respuesta según el cuestionario oficial de la Provincia de Buenos Aires."
"Vencido el plazo para hacer la VTV se está en infracción pero podemos seguir circulando.","Verdadero.","Falso.",,,,"2","Respuesta según el cuestionario oficial de la Provincia de Buenos Aires. En el examen es una pregunta de carácter eliminatorio."
"¿Qué es el punto ciego?","Son las áreas de visión no cubiertas por los tres espejos retrovisores.","Son las áreas de visión cubiertas por los tres espejos retrovisores y no por la vista del conductor.","Son las áreas de visión no cubiertas por el parabrisas.",,,"1","Respuesta según el cuestionario oficial de la Provincia de Buenos Aires."
"¿Qué conductor tiene prioridad de paso en las encrucijadas?:","El que cruza desde su derecha.","El que cruza desde su izquierda.","Cualquiera de los dos.",,,"1","Respuesta según el cuestionario oficial de la Provincia de Buenos Aires."
"En las vías con más de dos carriles por mano, el tránsito debe ajustarse a lo siguiente:","Se debe circular permaneciendo en un mismo carril y por el centro de éste.","Se debe circular siempre por el carril de la izquierda.","Se debe circular por cualquier carril lo más a la derecha posible.","Se debe circular por el carril de la derecha, por el centro de éste y utilizar el de la izquierda sólo para realizar adelantamientos.",,"4","Respuesta según el cuestionario oficial de la Provincia de Buenos Aires."
"En una subida estrecha, ¿quién tiene prioridad de paso?","Quien asciende por la misma.","Quien desciende por la misma.","Quien desciende salvo que éste lleve acoplado y el que asciende no.",,,"3","Respuesta según el cuestionario oficial de la Provincia de Buenos Aires."
"Zona de camino: todo espacio afectado a la vía de circulación y sus instalaciones paralelas, comprendido entre las propiedades contiguas;","Verdadero.","Falso.",,,,"2","Respuesta según el cuestionario oficial de la Provincia de Buenos Aires."
"PEATONES Y DICAPACITADOS. Los peatones transitarán: En zona urbana: Únicamente por la acera u otros espacios habilitados a ese fin.","Verdadero.","Falso.",,,,"1","Respuesta según el cuestionario oficial de la Provincia de Buenos Aires."
"Luces bajas: mientras el vehículo transite por rutas nacionales, las luces bajas permanecerán encendidas de noche, independientemente del grado de luz natural, o de las condiciones de visibilidad que se registren, excepto cuando corresponda la alta y en cruces ferroviales;","Verdadero.","Falso.",,,,"2","Respuesta según el cuestionario oficial de la Provincia de Buenos Aires."
"En zona rural se estacionará lo más lejos posible de la calzada y banquina, en las zonas adyacentes y siempre que no se afecte la visibilidad.","Verdadero.","Falso.",,,,"2","Respuesta según el cuestionario oficial de la Provincia de Buenos Aires."
"Se presume responsable de un accidente al que carecía de prioridad de paso o cometió una infracción relacionada con la causa del mismo, sin perjuicio de la responsabilidad que pueda corresponderles a los que, aun respetando las disposiciones, pudiendo haberlo evitado voluntariamente, no lo hicieron.","Verdadero.","Falso.",,,,"1","Respuesta según el cuestionario oficial de la Provincia de Buenos Aires."
"¿Cuáles son los factores que pueden afectar al campo visual?","Condiciones climáticas.","Tamaño del vehículo.","Iluminación propia del vehículo.",,,"1","Respuesta según el cuestionario oficial de la Provincia de Buenos Aires."
"En zona urbana, ¿quién tiene prioridad para atravesar la calzada por la senda peatonal, (esté o no marcada)?:","El vehículo.","El peatón.","El ciclista.",,,"2","Respuesta según el cuestionario oficial de la Provincia de Buenos Aires."
"¿Cuando se procede la retencion de la licencia?","Procede cuando estén en estado de intoxicación alcohólica","Procede cuando estén en estado de intoxicación por estupefacientes","Procede cuando estén en estado de intoxicación alcohólica y/o por estupefacientes.",,,"3","Respuesta según el cuestionario oficial de la Provincia de Buenos Aires."
"¿Cuanto puede durar la retencion de una persona?","la retención no puede ser mayor a 4 hs","la retención no puede ser mayor a 6 hs.","la retención no puede ser mayor a 12 hs.",,,"3","Respuesta según el cuestionario oficial de la Provincia de Buenos Aires."
"Condiciones para conducir","Los automotores serán conducidos con ambas manos sobre el volante de dirección.","Los automotores serán conducidos con ambas manos sobre el volante de dirección, excepto cuando sea necesario accionar otros comandos.","Los automotores serán conducidos con al menos una mano sobre el volante de dirección.",,,"2","Respuesta según el cuestionario oficial de la Provincia de Buenos Aires."
"¿Que es una Amonestacion?","Consiste en una advertencia, reprimenda, llamado de atención, con miras a evitar que se procure su repetición.","Es la pérdida del privilegio de conducir","Consiste en una sanción pecuniaria.",,,"1","Respuesta según el cuestionario oficial de la Provincia de Buenos Aires."
"¿Que es la multa?","Es la sanción que se aplica con mayor asiduidad en materia de de infracciones, pero presenta el inconveniente de no resultar igualitaria.","Es la pérdida del privilegio de conducir","Consiste en una advertencia, reprimenda, llamado de atención, con miras a evitar que se procure su repetición.",,,"1","Respuesta según el cuestionario oficial de la Provincia de Buenos Aires."
"¿Cuando se otorga la licencia de conducir reemplazada?","Se otorga en caso de vencimiento del plazo de vigencia de la licencia habilitante.","Corresponde al cambio de jurisdicción de un conductor.","Será otorgada en caso de pérdida, destrucción, o deterioro que haga imposible la identificación del titular.",,,"2","Respuesta según el cuestionario oficial de la Provincia de Buenos Aires."
"Licencia de conducir duplicada ¿cuando sera otorgada?","Será otorgada en caso de pérdida, destrucción, o deterioro que haga imposible la identificación del titular.","Se otorga en caso de vencimiento del plazo de vigencia de la licencia habilitante.","Corresponde al cambio de jurisdicción de un conductor.",,,"1","Respuesta según el cuestionario oficial de la Provincia de Buenos Aires."
"Licencia de conducir renovada ¿cuando sera otorgada?","Corresponde al cambio de jurisdicción de un conductor.","Se otorga en caso de vencimiento del plazo de vigencia de la licencia habilitante.","Será otorgada en caso de pérdida, destrucción, o deterioro que haga imposible la identificación del titular.",,,"2","Respuesta según el cuestionario oficial de la Provincia de Buenos Aires."
"Cuando no existiera senda peatonal habilitada exclusivamente para personas con discapacidad se considera tal a la franja imaginaria sobre la calzada, inmediata al cordón, que comunica la rampa con la senda peatonal","Verdadero.","Falso.",,,,"1","Respuesta según el cuestionario oficial de la Provincia de Buenos Aires."
"Para poder circular es indispensable poseer matafuego y balizas portátiles normalizados, incluso las motocicletas.","Verdadero.","Falso.",,,,"2","Respuesta según el cuestionario oficial de la Provincia de Buenos Aires."
"En las vías reguladas por semáforos los vehículos deben: con luz intermitente roja, que advierte la presencia de cruce peligroso, detener la marcha y sólo reiniciarla cuando se observe que no existe riesgo alguno.","Verdadero.","Falso.",,,,"1","Respuesta según el cuestionario oficial de la Provincia de Buenos Aires."
"En las vías reguladas por semáforos los peatones deberán cruzar la calzada cuando: tengan a su frente semáforo peatonal con luz verde o blanca habilitante","Verdadero.","Falso.",,,,"1","Respuesta según el cuestionario oficial de la Provincia de Buenos Aires."
"Excepcionalmente se puede adelantar por la derecha cuando: El anterior ha indicado su intención de girar o de detenerse a su derecha.","Verdadero.","Falso.",,,,"2","Respuesta según el cuestionario oficial de la Provincia de Buenos Aires."
"Excepcionalmente se puede adelantar por la derecha cuando: En un embotellamiento la fila de la izquierda no avanza o es más lenta.","Verdadero.","Falso.",,,,"1","Respuesta según el cuestionario oficial de la Provincia de Buenos Aires."
"Queda prohibido conducir con impedimentos físicos o psíquicos, sin la licencia especial correspondiente.","Verdadero.","Falso.",,,,"1","Respuesta según el cuestionario oficial de la Provincia de Buenos Aires."
"Queda prohibido circular marcha atrás, excepto para estacionar, egresar de un garage o de una calle sin salida.","Verdadero.","Falso.",,,,"1","Respuesta según el cuestionario oficial de la Provincia de Buenos Aires."
"Queda prohibido: La detención irregular sobre la calzada, el estacionamiento sobre la banquina y la detención en ella sin ocurrir emergencia","Verdadero.","Falso.",,,,"1","Respuesta según el cuestionario oficial de la Provincia de Buenos Aires."
"Queda prohibido: Circular con cubiertas con fallas o sin la profundidad legal de los canales en su banda de rodamiento, salvo que no sean conductores profesionales.","Verdadero.","Falso.",,,,"2","Respuesta según el cuestionario oficial de la Provincia de Buenos Aires."
"Queda prohibido circular con un tren de vehículos integrado con más de un acoplado, salvo lo dispuesto para la maquinaria especial y agrícola","Verdadero.","Falso.",,,,"1","Respuesta según el cuestionario oficial de la Provincia de Buenos Aires."
"En caso de retención de la licencia de conducir por la autoridad competente ante una falta de tránsito grave, la licencia será reemplazada por la boleta de citación del inculpado, que lo habilitará para conducir por un plazo de 30 días.","Verdadero.","Falso.",,,,"1","Respuesta según el cuestionario oficial de la Provincia de Buenos Aires."
"Sólo los conductores debe sujetarse a las pruebas expresamente autorizadas, destinadas a determinar su estado de intoxicación alcohólica o por drogas, para conducir.","Verdadero.","Falso.",,,,"2","Respuesta según el cuestionario oficial de la Provincia de Buenos Aires."
"La lluvia, el hielo y la nieve:","Deben resultar indiferentes en relación a la conducción.","facilitan la conducción.","incrementan la perdida de control del vehículo y la siniestralidad.",,,"3","Respuesta según el cuestionario oficial de la Provincia de Buenos Aires."
"Es recomendable frenar sobre zona resbaladiza","Verdadero.","Falso.",,,,"2","Respuesta según el cuestionario oficial de la Provincia de Buenos Aires."
"Si siente sueño o somnolencia debe:","Aumentar la velocidad para llegar más rápido a destino","Buscar un lugar seguro, lejos de la calzada y dormir una siesta.","Detenerse ante el primer síntoma de sueño sobre la banquina y dormir una siesta.",,,"2","Respuesta según el cuestionario oficial de la Provincia de Buenos Aires."
"El estacionamiento debe realizarse en no más de tres maniobras y sin tocar otros vehículos","Verdadero.","Falso.",,,,"1","Respuesta según el cuestionario oficial de la Provincia de Buenos Aires."
"En caso de siniestro en el que usted esté involucrado debe:","continuar la marcha.","detenerse en forma inmediata.","detenerse despacio de forma gradual inmediata.",,,"3","Respuesta según el cuestionario oficial de la Provincia de Buenos Aires."
"En las vías reguladas por semáforos los vehículos deben: con luz intermitente amarilla, que advierte la presencia de cruce riesgoso, efectuar el mismo con precaución.","Verdadero.","Falso.",,,,"1","Respuesta según el cuestionario oficial de la Provincia de Buenos Aires."
"Sólo se admitirán en los vidrios los aditamentos que tengan fines de identificación (oficiales o privados)","Verdadero.","Falso.",,,,"1","Respuesta según el cuestionario oficial de la Provincia de Buenos Aires."
"La ingesta de drogas (legales o no) impide conducir cuando altera los parámetros normales para la conducción segura","Verdadero.","Falso.",,,,"1","Respuesta según el cuestionario oficial de la Provincia de Buenos Aires."
"La distancia de seguridad mínima requerida entre vehículos, de todo tipo, que circulan por un mismo carril, es aquélla que resulte prudente teniendo en cuenta la velocidad de marcha y las condiciones de la calzada y del clima, y que resulte de una separación en tiempo de por lo menos 5 (cinco) segundos","Verdadero.","Falso.",,,,"2","Respuesta según el cuestionario oficial de la Provincia de Buenos Aires."
"Senda peatonal: La “Senda peatonal” está destinada:","A marcar la línea de frenado de los vehículos.","Al cruce de peatones.","Al cruce de peatones, ciclomotores y ciclistas.",,,"2","Respuesta según el cuestionario oficial de la Provincia de Buenos Aires."
"¿A qué se denomina “Calzada”?:","La vía destinada sólo a la circulación de vehículos.","La vía destinada a circulación de vehículos y peatones.","La vía destinada a circulación de peatones únicamente.",,,"1","Respuesta según el cuestionario oficial de la Provincia de Buenos Aires."
"Definición de Banquina: zona de la vía destinada sólo a la circulación de vehículos","Verdadero.","Falso.",,,,"2","Respuesta según el cuestionario oficial de la Provincia de Buenos Aires."
"Definición de Camino: una vía rural de circulación;","Verdadero.","Falso.",,,,"1","Respuesta según el cuestionario oficial de la Provincia de Buenos Aires."
"¿Que es la responsabilidad?","Es la aptitud legal que tenemos para hacernos cargo por la violación de una regla de convivencia.","Es el monto de una multa de transito.","Es la aptitud psico-física para conducir.",,,"1","Respuesta según el cuestionario oficial de la Provincia de Buenos Aires."
"¿Que es la responsabilidad penal?","Es la responsabilidad legal que tenemos para hacernos cargo por la violación de una regla de convivencia.","Es la capacidad que nos da la ley para asumir la pena que nos cabe por un delito.","Es la obligación de reparar el daño que hayamos causado en circunstancias de la circulación.",,,"2","Respuesta según el cuestionario oficial de la Provincia de Buenos Aires."
"¿Que es la responsabilidad civil?","Es la capacidad que nos da la ley para asumir la pena que nos cabe por un delito.","Es la responsabilidad legal que tenemos para hacernos cargo por la violación de un regla de convivencia.","Es la obligación de reparar el daño que hayamos causado en circunstancias de circulación.",,,"3","Respuesta según el cuestionario oficial de la Provincia de Buenos Aires."
"Inhabilitados. Cumplida la pena:","No podrán acceder a una licencia de cualquier categoría, aquellos conductores que hayan sido inhabilitados o que tengan o hayan sido condenados por causas referidas a accidentes de tránsito","No podrán acceder a una licencia con categoría profesional aquellos conductores que hayan sido inhabilitados o que tengan o hayan sido condenados por causas referidas a accidentes de tránsito, y no hayan trancurrido diez (10) años desde la fecha de vencimiento de la pena impuesta.","No podrán acceder a una licencia aquellos conductores que hayan sido condenados por causas referidas a accidentes de tránsito.",,,"2","Respuesta según el cuestionario oficial de la Provincia de Buenos Aires. En el examen es una pregunta de carácter eliminatorio."
"¿Qué significa el término “culposo” en materia de accidentes de tránsito?","Que es responsable por actuar con intención de provocar un daño.","Que no obró con intención de provocar un daño.","Que no estaba habilitado para conducir.",,,"2","Respuesta según el cuestionario oficial de la Provincia de Buenos Aires."
"¿Qué vehículo tiene prioridad de paso en una intersección de calles de igual jerarquía?:","El que llega primero a la intersección.","El vehículo de porte mayor.","El que circula desde la derecha.",,,"3","Respuesta según el cuestionario oficial de la Provincia de Buenos Aires."
"¿Quién tiene prioridad de paso en cuestas estrechas, si se cruzan un automóvil y un vehículo con acoplado o remolque, que marchan en sentido opuesto?:","El automóvil, sólo si está ascendiendo.","El vehículo con acoplado, esté ascendiendo o descendiendo.","El vehículo con acoplado, únicamente si asciende.",,,"2","Respuesta según el cuestionario oficial de la Provincia de Buenos Aires."
"a) El que circula desde la derecha","El que circula por la rotonda.","Depende del porte del vehículo",,,,"1","Respuesta según el cuestionario oficial de la Provincia de Buenos Aires."
"En los caminos de tierra que exista una sola huella, ¿qué deben hacer los vehículos que se cruzan en sentido opuesto o tratan de adelantarse en la misma dirección?:","Detenerse sobre la banquina cualquiera de los dos.","Ceder por lo menos la mitad de la huella.","Detenerse sobre la banquina el de porte menor.",,,"2","Respuesta según el cuestionario oficial de la Provincia de Buenos Aires."
"¿Cómo deberá el conductor señalizar a los vehículos posteriores la intención de adelantarse?","Se deberán utilizar las balizas.","Se deberá utilizar la luz de giro derecha.","Se deberá utilizar la luz de giro izquierda.",,,"3","Respuesta según el cuestionario oficial de la Provincia de Buenos Aires."
"¿Qué vehículos tienen siempre prioridad de paso?:","Ambulancias, policía y bomberos, estén o no en servicio","Ambulancias, policía, bomberos y transporte de personas","Ambulancias, policía y bomberos, con las señales de advertencia reglamentarias activadas.",,,"3","Respuesta según el cuestionario oficial de la Provincia de Buenos Aires."
"Los conductores principiantes deben conducir con su respectiva identificación:","Durante los primeros tres meses.","Durante los primeros seis meses.","Durante los primeros doce meses.",,,"2","Respuesta según el cuestionario oficial de la Provincia de Buenos Aires. En el examen es una pregunta de carácter eliminatorio."
"¿Cómo debe comportarse con luz amarilla a su frente?:","Avanzar, como si se tratara de luz verde.","Avanzar sólo si estima que cruzará la encrucijada antes de encenderse la roja.","Sólo si la derecha le otorga prioridad de paso.",,,"2","Respuesta según el cuestionario oficial de la Provincia de Buenos Aires."
"¿Qué indica la luz roja intermitente a su frente?:","Que ha habido un accidente en el lugar.","La presencia de un cruce peligroso.","Entrada y salida de vehículos.",,,"2","Respuesta según el cuestionario oficial de la Provincia de Buenos Aires."
"Si se enciende la luz verde a su frente y vehículos o peatones no han finalizado el cruce, ¿puede iniciar la marcha?:","No. Debe esperar que finalicen el cruce.","Sí, porque lo habilita el semáforo.","Sí, esquivando peatones o vehículos.",,,"1","Respuesta según el cuestionario oficial de la Provincia de Buenos Aires."
"¿Cuándo está permitido doblar a la izquierda en las encrucijadas de calles de doble mano semaforizadas?:","Siempre está permitido.","Está prohibido.","Sólo cuando esté expresamente indicado con la correspondiente señal.",,,"3","Respuesta según el cuestionario oficial de la Provincia de Buenos Aires."
"¿Que indica la luz roja del semáfaro?","Que debe detenerse.","Que puede avanzar sino circula otro vehículo transversalmente.","Que puede avanzar sino cruzan peatones.",,,"1","Respuesta según el cuestionario oficial de la Provincia de Buenos Aires."
"¿Cómo debe comportarse con la luz amarilla intermitente a su frente?:","Avanzar, como si fuera luz verde.","Detenerse, en to da circunstancia.","Circular con precaución, respetando prioridades.",,,"3","Respuesta según el cuestionario oficial de la Provincia de Buenos Aires."
"¿Cómo debe comportarse con luz roja intermitente a su frente?:","Avanzar respetando prioridades.","Detener la marcha y reiniciarla sólo si no existe riesgo.","Avanzar observando que no exista riesgo",,,"2","Respuesta según el cuestionario oficial de la Provincia de Buenos Aires."
"¿Qué habilita el paso en vías públicas semaforizadas?:","Las normas comunes sobre paso en los cruces.","Transitar desde la derecha.","La luz del semáforo",,,"1","Respuesta según el cuestionario oficial de la Provincia de Buenos Aires."
"¿Cuál es la velocidad máxima permitida en calles urbanas?:","40 km.","60 km.","80 km.",,,"1","Respuesta según el cuestionario oficial de la Provincia de Buenos Aires."
"Cuál es la velocidad máxima permitida en avenidas urbanas?:","60 km.","80 km.","90 km.",,,"1","Respuesta según el cuestionario oficial de la Provincia de Buenos Aires."
"¿Cual es la velocidad mínima y máxima para circular por calles en zona urbana?","La mínima 15 km/h y la máxima 60 km/h.","La mínima 20 km/h y la máxima 40 km/h.","La minima 30 km/h y la máxima 40 Km/h.",,,"2","Respuesta según el cuestionario oficial de la Provincia de Buenos Aires."
"¿A qué velocidad precautoria se debe cruzar una bocacalle sin semáforo?:","A la misma velocidad que la de la vía por la que circula.","A no más de 30 km/h.","A no más de 10 km/h.",,,"3","Respuesta según el cuestionario oficial de la Provincia de Buenos Aires. En el examen es una pregunta de carácter eliminatorio."
"¿Cual es la distancia de detención?:","La de frenado.","Distancia de reacción más distancia de frenado.","La distancia de reacción.",,,"2","Respuesta según el cuestionario oficial de la Provincia de Buenos Aires."
"Para quienes participan de un accidente es obligatorio:","Detenerse siempre.","Únicamente si es responsable del siniestro.","Sólo si hay heridos.",,,"1","Respuesta según el cuestionario oficial de la Provincia de Buenos Aires."
"En caso de accidente, es obligatorio suministrar los datos de la licencia de conductor y del seguro:","A la autoridad únicamente.","No es obligatorio si la autoridad no presenció el siniestro.","A la autoridad y a la otra parte involucrada.",,,"3","Respuesta según el cuestionario oficial de la Provincia de Buenos Aires."
"Qué sistemas de comunicación, operación manual continua pueden utilizarse durante la conducción?","Todos, mientras no se circule en el ejido urbano","Sólo los del tipo “manos libres”.","Ninguno.",,,"2","Respuesta según el cuestionario oficial de la Provincia de Buenos Aires."
"La prohibición de uso de celular rige para","Solo es obligatorio para el conductor.","Solo es obligatorio para el conductor y acompañante.","Es obligatorio para todos los ocupantes.",,,"1","Respuesta según el cuestionario oficial de la Provincia de Buenos Aires."
"La línea blanca discontinua de trazos demarcada en el centro de calzadas y rutas indica:","que puede ser traspasada.","que no debe ser traspasada.","que no se puede circular sobre ellas.",,,"1","Respuesta según el cuestionario oficial de la Provincia de Buenos Aires."
"El uso de luces durante la noche es optativo","Verdadero","Falso",,,,"2","Respuesta según el cuestionario oficial de la Provincia de Buenos Aires."
"La doble línea amarilla pintada en el centro de la calzada indica:","prohibición de adelantarse en ambos sentidos.","solo división de manos.","Puente angosto.",,,"1","Respuesta según el cuestionario oficial de la Provincia de Buenos Aires."
"Para poder circular es obligatorio portar la Cédula de Identificación del Automotor.","Verdadero","Falso",,,,"1","Respuesta según el cuestionario oficial de la Provincia de Buenos Aires."
"En oportunidad de realizarse la VTV la autoridad de aplicación puede constatar que el vehículo cuente con el seguro obligatorio correspondiente","Verdadero","Falso",,,,"2","Respuesta según el cuestionario oficial de la Provincia de Buenos Aires."
"Todo automotor destinado a circular, debe contar con placa identificatoria de dominio en el lugar indicado para ello, salvo excepción.","Verdadero","Falso",,,,"2","Respuesta según el cuestionario oficial de la Provincia de Buenos Aires."
"La autoridad municipal podrá disponer con carácter general, para áreas metropolitanas, la prohibición de estacionar a la izquierda en las vías de circulación urbanas","Verdadero","Falso",,,,"1","Respuesta según el cuestionario oficial de la Provincia de Buenos Aires."
"El estacionamiento se debe realizar maniobrando sin empujar a los otros vehículos y sin acceder a la acera.","Verdadero","Falso",,,,"1","Respuesta según el cuestionario oficial de la Provincia de Buenos Aires."
"Cuando no exista cordón se estacionará lo más alejado posible del centro de la calzada, pero sin obstaculizar la circulación de peatones","Verdadero","Falso",,,,"1","Respuesta según el cuestionario oficial de la Provincia de Buenos Aires."
"El vehículo, o cualquier otro objeto, dejado en la vía pública por mayor lapso del establecido por la autoridad jurisdiccional, se considera abandonado, debiendo ser removido por la autoridad local.","Verdadero","Falso",,,,"1","Respuesta según el cuestionario oficial de la Provincia de Buenos Aires."
"Durante la circulación deben mantenerse limpios los elementos externos de iluminación del vehículo, excepto en rutas.","Verdadero","Falso",,,,"2","Respuesta según el cuestionario oficial de la Provincia de Buenos Aires."
"La prohibición de ceder o permitir la conducción a personas sin habilitación para ello, comprende a los dependientes y familiares del propietario o tenedor del vehículo, no pudiendo éste invocar desconocimiento del uso indebido como eximente","Verdadero","Falso",,,,"1","Respuesta según el cuestionario oficial de la Provincia de Buenos Aires."
"Cualquier maniobra de retroceso, en los casos permitidos, debe efectuarse a velocidad reducida","Verdadero","Falso",,,,"1","Respuesta según el cuestionario oficial de la Provincia de Buenos Aires."
"Los correajes de seguridad que posean los vehículos determinarán el número de ocupantes que pueden ser transportados en el mismo","Verdadero","Falso",,,,"1","Respuesta según el cuestionario oficial de la Provincia de Buenos Aires."
"¿Cuando hay que usar el cinturon de seguridad?","Hay que circular con el mismo abrochado en todos los casos.","Sólo si se circula a gran velocidad.","Solo en zonas rurales.",,,"1","Respuesta según el cuestionario oficial de la Provincia de Buenos Aires."
"Quienes deben utilizar el cinturón de seguridad?","El conductor.","Aquellos que van en la parte delantera del vehículo.","Todos los ocupantes.",,,"3","Respuesta según el cuestionario oficial de la Provincia de Buenos Aires."
"En zonas semáforizadas cual es la velocidad máxima permitidas","60 km/h.","Lo determinan los semáforos.","80 km/h.",,,"2","Respuesta según el cuestionario oficial de la Provincia de Buenos Aires."
"¿Quien tiene la prioridad de paso?","La tiene el vehículo que circula por la derecha.","La tiene el vehículo que circula por la izquierda.","La tiene el vehículo que lleva mayor velocidad.",,,"1","Respuesta según el cuestionario oficial de la Provincia de Buenos Aires."
"En una interseccion, entre una semi autopista y una avenida ¿quien tiene la prioridad de paso?","Quien circula por la avenida.","Quien circula por una semi autopista.","El vehiculo de mayor porte.",,,"2","Respuesta según el cuestionario oficial de la Provincia de Buenos Aires."
"¿Por donde se debe realizar el adelantamiento?","Debe hacerse siempre por la izquierda.","Debe hacerse por izquierda, y por la derecha, cuando el vehículo de adelante indique que va a girar o detenerse sobre el lado izquierdo.","Debe hacerse siempre por la derecha.",,,"2","Respuesta según el cuestionario oficial de la Provincia de Buenos Aires."
"¿Se puede realizar una maniobra de adelantamiento al atravesar un túnel o puente en la ruta?","Si.","No.","Depende de las circunstancias.",,,"2","Respuesta según el cuestionario oficial de la Provincia de Buenos Aires."
"¿Cuando puede producirse el adelantamiento?","No puede comenzarse el adelantamiento de un vehículo que previamente ha indicado su intención de hacer lo mismo mediante la señal pertinente.","Puede hacerse si el vehículo viene a menor velocidad.","Puede hacerse si el vehículo viene a mayor velocidad.",,,"1","Respuesta según el cuestionario oficial de la Provincia de Buenos Aires."
"¿Quien tiene prioridad de adelantamiento?","Cuando varios vehículos marchen encolumnados, la prioridad para adelantarse corresponde al que circula inmediatamente detrás del primero.","La prioridad le corresponde al último vehículo.","La prioridad le corresponde al primer vehículo que coloque la luz de giro.",,,"1","Respuesta según el cuestionario oficial de la Provincia de Buenos Aires."
"Si tiene intención de sobrepasar a otro vehículo, no ha efectuado señales y advierte que a su vez, otro está intentando sobrepasarlo a Ud., ¿qué debe hacer?:","Continuar la maniobra porque va adelante.","Permitir que el que le sigue continúe el sobrepaso.","La maniobra depende del porte del vehículo que va atrás.",,,"2","Respuesta según el cuestionario oficial de la Provincia de Buenos Aires."
"En caso de adelantamiento, ¿cómo se debe advertir al que precede la intención de sobrepasarlo?","Por medio de destellos de las luces frontales o la bocina en zona rural.","En todos los casos, debe utilizar el indicador de giro izquierdo hasta concluir su desplazamiento lateral.","Accionando la bocina.","Por medio de destellos de las luces frontales o la bocina en zona rural.","En todos los casos, debe utilizar el indicador de giro derecho hasta concluir su desplazamiento lateral.","2","Respuesta según el cuestionario oficial de la Provincia de Buenos Aires."
"Indique en cuales de las siguientes zonas esta prohibida la maniobra de adelantamiento:","En puentes","En curvas","En encrucijadas","Todas las respuestas son correctas.",,"4","Respuesta según el cuestionario oficial de la Provincia de Buenos Aires."
"¿Está permitido adelantarse en proximidades de puentes, curvas o cimas?:","Únicamente en caminos no pavimentados.","Nunca debe adelantarse en esos sitios.","Puede adelantarse si tiene visibilidad suficiente.",,,"2","Respuesta según el cuestionario oficial de la Provincia de Buenos Aires."
"¿Cómo debe advertir, al vehículo que marcha delante, su intención de sobrepasarlo?:","Con destello de luces frontales e indicador de giro","Con indicador de giro únicamente.","Siempre haciendo sonar la bocina",,,"2","Respuesta según el cuestionario oficial de la Provincia de Buenos Aires."
"Si va circulando en ruta y el vehículo que va delante enciende la luz de giro izquierda, ¿qué le está indicando?:","Que puede sobrepasarlo.","Que no inicie el sobrepaso.","Que la vía contraria está libre.",,,"1","Respuesta según el cuestionario oficial de la Provincia de Buenos Aires."
"¿Que indica la cruz de San Andrés?","Cruce de Caminos.","Cruce de vías férreas.","Cruce de Peatones.",,,"2","Respuesta según el cuestionario oficial de la Provincia de Buenos Aires."
"En autopistas ¿cuando pueden circular los peatones?","No pueden circular peatones en ningún caso.","Pueden circular peatones","No pueden circular peatones, salvo senda especial.",,,"3","Respuesta según el cuestionario oficial de la Provincia de Buenos Aires."
"¿En las intersecciones no controladas no se puede ir mas a?","No se puede ir a más de 25 km/h.","No se puede ir a más de 30 km/h.","No se puede ir a más de 40 km/h",,,"2","Respuesta según el cuestionario oficial de la Provincia de Buenos Aires. En el examen es una pregunta de carácter eliminatorio."
"En una autopista ¿para que debe ser utilizado el carril extremo izquierdo?","Para realizar la maniobra de adelantamiento y que circulen los vehiculos de carril.","Para circular a la maxima velocidad permitida y realizar la maniobra de adelantamiento.","No debe utilizarse, debe estar libre para que circulen los vehiculos de emergencia.",,,"2","Respuesta según el cuestionario oficial de la Provincia de Buenos Aires."
"¿Cuales de estas acciones están permitidas solo en caso de emergencia o fuerza mayor?","Remolcar automotores.","Conducir utilizando auriculares o sistemas de comunicación de operación manual.","Efectuar reparaciones en zonas urbanas salvo arreglos de circunstancia","La detencion y estacionamiento sobre la banquina.",,"1","Respuesta según el cuestionario oficial de la Provincia de Buenos Aires."
"Al llegar a una interseccion entre una calle y una avenida ¿ a quien se le debe ceder el paso?","A los peatones.","A quien circule por la izquierda.","A quien circule por la derecha.","A quien circula a mayor velocidad.",,"1","Respuesta según el cuestionario oficial de la Provincia de Buenos Aires."
"Para atravesar un cruce de vías de circulación el conductor debe:","Estar preparado para frenar o eventualmente detener su vehículo.","No detenerse bajo ninguna circunstancia.","Aumentar la velocidad a los fines de cruzar rápidamente sin obstruir el tránsito.",,,"1","Respuesta según el cuestionario oficial de la Provincia de Buenos Aires."
"Prioridad de la derecha","El que viene por la derecha siempre tiene prioridad de paso.","El que viene por la derecha siempre tiene prioridad salvo que el otro vehículo venga circulando a mayor velocidad.","El que viene por la derecha siempre tiene prioridad de paso, salvo señalización específica en contrario.",,,"3","Respuesta según el cuestionario oficial de la Provincia de Buenos Aires."
"La mejor garantía de seguridad para conducir en el horario nocturno en ruta es:","Circular respetando la velocidad mínima permitida.","Conducir manteniendo la derecha.","Mantener una velocidad regular.",,,"1","Respuesta según el cuestionario oficial de la Provincia de Buenos Aires."
"En terreno de Ripio","La superficie genera mayor adherencia","La inconsistencia del camino hace totalmente inestable la circulación.","Es indistinto.",,,"2","Respuesta según el cuestionario oficial de la Provincia de Buenos Aires."
"En días de Lluvia y conduciendo por la ciudad, debemos:","Reducir la velocidad.","Mantener la velocidad con la que se estaba conduciendo.","Estacionar paralelo al cordón a la espera de que la lluvia cese a efectos de conducir con mayor visibilidad.",,,"1","Respuesta según el cuestionario oficial de la Provincia de Buenos Aires."
"Estacionamiento en zona urbana ¿de que lado debe realizarse?","Siempre debe realizarse a la derecha de la vía, paralelo a la acera","Puede realizarse en ambos lados","Siempre debe realizarse a la derecha de la vía, paralelo a la acera, salvo señalización en contrario.","Siempre debe realizarse a la izquierda de la vía.",,"3","Respuesta según el cuestionario oficial de la Provincia de Buenos Aires."
"En zona urbana y en estacionamiento paralelo al cordón de la vereda, ¿qué distancia debe haber entre los vehículos?:","30 cm.","50 cm.","20 cm.",,,"3","Respuesta según el cuestionario oficial de la Provincia de Buenos Aires."
"¿Cuándo puede detenerse y/o estacionar sobre la banquina?:","Cuando tenga necesidad y por cualquier causa.","Siempre, mientras esté colocada la señalización reglamentaria (balizas).","Sólo cuando ocurra una emergencia colocando la debida señalización.",,,"3","Respuesta según el cuestionario oficial de la Provincia de Buenos Aires."
"Estacionar en doble fila está permitido únicamente:","En días de lluvia, frente a establecimientos escolares.","En días de lluvia, frente a hospitales.","No está permitido el estacionamiento en doble fila.",,,"3","Respuesta según el cuestionario oficial de la Provincia de Buenos Aires."
"¿Cómo se debe estacionar en una calle de mano única?:","En el mismo sentido que la circulación del tránsito.","No interesa el sentido si guarda las distancias.","No interesa el sentido si lo hace sobre la derecha y guardando las distancias reglamentarias por Ley.",,,"1","Respuesta según el cuestionario oficial de la Provincia de Buenos Aires."
"¿Cuándo está permitido estacionar en espacios destinados a parada de transporte de pasajeros?","En horarios donde el transporte esté fuera de línea.","No está permitido estacionar en esos sitios.","Está permitido si no cuenta con doble señalización (horizontal y vertical).",,,"2","Respuesta según el cuestionario oficial de la Provincia de Buenos Aires."
"¿Está permitido estacionar en el acceso de garajes en uso o cocheras?:","Está permitido sólo en horario nocturno.","No está permitido.","Está permitido, si el estacionamiento es temporario y el garage no cuenta con cartel de prohibición.",,,"2","Respuesta según el cuestionario oficial de la Provincia de Buenos Aires."
"¿Cuándo está permitido el estacionamiento en rotondas?:","Cuando se estaciona sobre el lado izquierdo paralelo al cordón y en el sentido de circulación.","Cuando se estaciona sobre el lado derecho.","No está permitido estacionar en rotondas.",,,"3","Respuesta según el cuestionario oficial de la Provincia de Buenos Aires."
"¿Dónde debe estacionar un camión con acoplado dentro de la ciudad?","Dentro del radio donde le está permitido circular.","Sólo en calles de mano única.","En lugares especialmente habilitados para ello. X",,,"3","Respuesta según el cuestionario oficial de la Provincia de Buenos Aires."
"Si durante la circulación entra en un “banco de niebla”, Ud. debe:","Encender las luces altas.","Asegurarse que las luces bajas estén encendidas.","Accionar balizas.",,,"2","Respuesta según el cuestionario oficial de la Provincia de Buenos Aires."
"Si durante la circulación entra en un “banco de humo” originado por quema de pastizales o proveniente de fábricas, usted debe:","Mantener las luces bajas del vehículo.","Accionar las balizas y disminuir la velocidad.","Accionar faros antinieblas y encender luces altas para ser mejor divisado.",,,"1","Respuesta según el cuestionario oficial de la Provincia de Buenos Aires."
"En una ruta nacional ¿que juego de luces es obligatorio llevar?","Luces altas.","Luces bajas.","Luces de posicion",,,"2","Respuesta según el cuestionario oficial de la Provincia de Buenos Aires. En el examen es una pregunta de carácter eliminatorio."
"En casos de intensa niebla:","Es aconsejable circular con las balizas encendidas","Es aconsejable circular con las luces de giro encendidas","No es aconsejable encender luces que no sean las reglamentarias.",,,"3","Respuesta según el cuestionario oficial de la Provincia de Buenos Aires."
"Si decide detenerse por intensa niebla, debe hacerlo:","En la banquina, correctamente señalizado.","Alejado de la calzada o banquina lo más lejos posible del camino dejando las luces y balizas encendidas.","En la banquina, pero con luces delanteras y traseras encendidas.",,,"2","Respuesta según el cuestionario oficial de la Provincia de Buenos Aires."
"¿Cuando deben utilizarse las luces interiores?","Siempre pueden utilizarse.","Sólo podrán utilizarse las luces interiores cuando no incidan directamente en la visión del conductor.","Podrán utilizarse las luces interiores en pleno viaje y cuando no incidan directamente en la visión del conductor.",,,"2","Respuesta según el cuestionario oficial de la Provincia de Buenos Aires."
"El cambio de luz de alta por baja, ¿a que distancia se debe realizar?","El cambio de luz alta por baja debe realizarse a una distancia suficiente a fin de evitar el efecto de encandilamiento.","Puede realizarse en cualquier momento.","No puede realizarse nunca con un vehículo de frente.",,,"1","Respuesta según el cuestionario oficial de la Provincia de Buenos Aires."
"El uso de luces bajas o alcance medio es obligatorio en zona rural, ruta, carretera autopista o semiautopista:","Desde el crepúsculo hasta el alba.","Durante las 24 horas del día sin importar las condiciones climáticas.","Durante las 24 horas del día sólo si la visibilidad es escasa.",,,"2","Respuesta según el cuestionario oficial de la Provincia de Buenos Aires."
"El destello de luces sólo debe usarse:","Para advertir una emergencia en la vía pública.","En los cruces de vías y para advertir los sobrepasos.","Únicamente en los cruces de vías.",,,"2","Respuesta según el cuestionario oficial de la Provincia de Buenos Aires."
"Las luces intermitentes de emergencias deben usarse para indicar:","Detención temporaria en “doble fila”.","Detención en peajes, zonas peligrosas o maniobras riesgosas.","Solamente cuando la detención sea para entrar o salir de estacionamientos.",,,"3","Respuesta según el cuestionario oficial de la Provincia de Buenos Aires."
"Las luces de giro deben encenderse, conforme a sus fines:","Aunque la luz natural sea suficiente.","Sólo en horas nocturnas.","Sólo en zona urbana sin importar la luz reinante.",,,"1","Respuesta según el cuestionario oficial de la Provincia de Buenos Aires."
"Cuando se produce un encandilamiento, las pupilas del conductor generalmente y en tiempos normales tardan en reestablecer la visibilidad","de 4 a 5 segundos.","de 4 a 6 segundos.","de 4 a 7 segundos.","de 4 a 8 segundos.",,"3","Respuesta según el cuestionario oficial de la Provincia de Buenos Aires."
"Para realizar un giro o circular en rotondas se debe:","Dar prioridad de paso al que circula desde la derecha.","Respetar la señalización.","Dar prioridad de paso al vehículo de mayor porte.",,,"1","Respuesta según el cuestionario oficial de la Provincia de Buenos Aires."
"¿En las vías mano simple se puede girar a la izquierda?","No, no se puede girar de ningún modo.","No, no está permitido salvo señalización que así lo permite.","Si, se puede realizar ese giro.",,,"3","Respuesta según el cuestionario oficial de la Provincia de Buenos Aires."
"En las rotondas no se aplican reglas de tránsito especiales","Verdadero","Falso",,,,"2","Respuesta según el cuestionario oficial de la Provincia de Buenos Aires."
"¿Cómo debe advertir la maniobra de giro?:","Mediante la señal luminosa correspondiente y con debida anticipación.","Sacando el brazo por la ventanilla, con la señal luminosa correspondiente y con la debida anticipación.","No es necesario advertir la maniobra",,,"1","Respuesta según el cuestionario oficial de la Provincia de Buenos Aires."
"¿Puede detenerse durante la circulación en rotonda?:","Únicamente sobre la derecha con la debida señalización.","Únicamente sobre la izquierda con la debida señalización.","No está permitido detenerse.",,,"3","Respuesta según el cuestionario oficial de la Provincia de Buenos Aires."
"Si desea girar a la derecha desde una calle de sentido único, ¿qué maniobra se debe realizar?","Debo acercar el automóvil al centro de la calle y luego girar.","Debo acercar el automóvil a la derecha y luego girar.","Debo acercar el automóvil a la izquierda y luego girar.",,,"2","Respuesta según el cuestionario oficial de la Provincia de Buenos Aires."
"¿Cuando se debe encender la luz de giro en las rotondas?","En las rotondas la señal de giro debe encenderse antes de la mitad de cuadra previo al cruce.","En las rotondas la señal de giro debe encenderse después de la mitad de cuadra previo al cruce.","En las rotondas la señal de giro debe encenderse cunado se ingrese a la misma.",,,"1","Respuesta según el cuestionario oficial de la Provincia de Buenos Aires."
"En rotonda, ¿tiene prioridad de paso el que circula por ella o el que intenta ingresar?:","El que circula por ella.","El que circula desde la derecha.","El que intenta ingresar.",,,"1","Respuesta según el cuestionario oficial de la Provincia de Buenos Aires."
"Vías multicarriles:","La advertencia sobre cambio de carril, mediante la luz de giro, se realizará con una antelación mínima de DIEZ SEGUNDOS (10”).","La advertencia sobre cambio de carril, mediante la luz de giro, se realizará con una antelación mínima de CINCO SEGUNDOS (5”).","La advertencia sobre cambio de carril, mediante la luz de giro, se realizará con una antelación mínima de QUINCE SGUNDOS (15”).",,,"2","Respuesta según el cuestionario oficial de la Provincia de Buenos Aires."
"En el ingreso a una autopista ¿ a quien se debe ceder el paso?","En el ingreso a una autopista debe cederse el paso a quienes circulan por ella.","En el ingreso a una autopista debe cederse el paso a quienes circulan por la derecha","En el ingreso a una autopista debe cederse el paso a quienes circulan con mayor velocidad.",,,"1","Respuesta según el cuestionario oficial de la Provincia de Buenos Aires."
"Los menores de edad ¿pueden obtener licencia de conducir?","Los menores de edad no pueden obtener licencias de conducir.","Los menores de edad deberán contar para la obtención de la licencia con una autorización expresa de padre y madre y/o tutor.","Los menores de edad pueden conducir con autorización expresa de padre o madre.",,,"2","Respuesta según el cuestionario oficial de la Provincia de Buenos Aires."
"Ante una señal de pare Ud debe:","Disminuir la velocidad.","Detener por completo el vehículo.","Avanzar.",,,"2","Respuesta según el cuestionario oficial de la Provincia de Buenos Aires."
"Una señal reglamentaria de prohibición o restricción. Desde donde tiene vigencia?","Desde donde el usuario la vea.","Desde el lugar donde está emplazada.",,,,"2","Respuesta según el cuestionario oficial de la Provincia de Buenos Aires."
"Los Agentes de Tránsito pueden proceder a la detención de un vehículo únicamente con la presencia de personal policial.","Verdadero.","Falso.",,,,"2","Respuesta según el cuestionario oficial de la Provincia de Buenos Aires."
"Las señales transitorias señalizan la ejecución de trabajos de construcción y mantenimiento en la vía, o en zonas próximas a las mismas:","Verdadero.","Falso.",,,,"1","Respuesta según el cuestionario oficial de la Provincia de Buenos Aires."
"Cuando un semáforo cambia de luz roja a verde, está habilitando a reiniciar la marcha; no obstante ello, ¿qué precauciones se deben adoptar?","No iniciar el cruce si no hay espacio para ubicar el vehículo del otro lado sin obstruir la circulación transversal.","Permitir, antes de avanzar, que complete el cruce otro vehículo o peatón que ya lo haya iniciado.","Ambas respuestas, la A y la B, son correctas.",,,"3","Respuesta según el cuestionario oficial de la Provincia de Buenos Aires."
"Una indicación puede estar expresada con una señal vertical o con una demarcación horizontal, ya que ambas tienen el mismo significado y orden jerárquico.","Verdadero.","Falso.",,,,"1","Respuesta según el cuestionario oficial de la Provincia de Buenos Aires."
"En materia de señalamiento horizontal, ¿qué se entiende por “isleta”?","Son las rotondas.","Son los espacios reservados para estacionamiento exclusivo de motovehículos.","Son las marcas canalizadoras de tránsito. No se puede traspasar o circular sobre ellas.",,,"3","Respuesta según el cuestionario oficial de la Provincia de Buenos Aires."
"¿Cuál es la importancia del color de las señales viales?","El color es para llamar la atención al conductor de categoría particular.","El color es irrelevante para el conductor particular pero sí para el conductor profesional.","El color, además de su forma, brinda información al conductor sobre el trayecto de la vía por la cual circula.",,,"3","Respuesta según el cuestionario oficial de la Provincia de Buenos Aires."
"¿Cuáles son las señales preventivas?","Aquellas que advierten la proximidad de una circunstancia o variación de la normalidad de la vía que puede resultar sorpresiva o peligrosa a la circulación.","Aquellas que no transmiten órdenes ni previenen sobre irregularidades o riesgos en la vía. Identifican, orientan y hacen referencia a servicios, lugares, etc.","Aquellas que transmiten órdenes específicas, de cumplimiento obligatorio en el lugar para el cual están destinadas.",,,"1","Respuesta según el cuestionario oficial de la Provincia de Buenos Aires."
"¿Qué indican las señales reglamentarias?","Advierten la proximidad de una circunstancia o variación de la normalidad de la vía que puede resultar sorpresiva o peligrosa a la circulación.","Identifican, orientan y hacen referencia a servicios, lugares, etc.","Transmiten órdenes específicas, de cumplimiento obligatorio en el lugar para el cual están destinadas.",,,"3","Respuesta según el cuestionario oficial de la Provincia de Buenos Aires."
"Las señales reglamentarias son redondas, blancas y con bordes rojos.","Verdadero","Falso",,,,"1","Respuesta según el cuestionario oficial de la Provincia de Buenos Aires."
"Si nos encontramos ante un cuadrado o rectángulo azul o verde se trata de:","una señal reglamentaria","una señal preventiva","una señal de información y orientación",,,"3","Respuesta según el cuestionario oficial de la Provincia de Buenos Aires."
"Las señales redondas, blancas y con bordes rojos son señales de prevención.","Verdadero","Falso",,,,"2","Respuesta según el cuestionario oficial de la Provincia de Buenos Aires."
"Violar o hacer caso omiso a una señal de prevención implica una sanción por parte de la autoridad competente.","Verdadero","Falso",,,,"2","Respuesta según el cuestionario oficial de la Provincia de Buenos Aires."
"Violar o hacer caso omiso a una señal de información no conlleva a cometer una infracción.","Verdadero","Falso",,,,"1","Respuesta según el cuestionario oficial de la Provincia de Buenos Aires."
"Las señales reglamentarias son normas de cumplimiento obligatorio","Verdadero","Falso",,,,"1","Respuesta según el cuestionario oficial de la Provincia de Buenos Aires. En el examen es una pregunta de carácter eliminatorio."
"Las señales informativas nos alertan o advierten una cuestión determinada","Verdadero","Falso",,,,"2","Respuesta según el cuestionario oficial de la Provincia de Buenos Aires."
"Todas las señales (salvo luces) deben ser retroreflectivas","Verdadero","Falso",,,,"1","Respuesta según el cuestionario oficial de la Provincia de Buenos Aires."
"Las señales reglamentarias son cuadradas con diagonal vertical y amarillas","Verdadero","Falso",,,,"2","Respuesta según el cuestionario oficial de la Provincia de Buenos Aires."
"Como norma de carácter general, ¿quién tiene prioridad de paso en una encrucijada sin semáforos?","Los vehículos de transporte de pasajero.","El vehículo de menor tamaño.","El vehículo que se presenta por el lado derecho.",,,"3","Respuesta según el cuestionario oficial de la Provincia de Buenos Aires."
"¿Quién tiene prioridad de paso en una rotonda?","El vehículo que circule por la derecha.","El vehículo que pretende acceder a la rotonda.","El vehículo que se encuentra dentro de la calzada circular.",,,"3","Respuesta según el cuestionario oficial de la Provincia de Buenos Aires."
"Como norma general, en una arteria de doble circulación, con pendiente pronunciada y con un ancho que no permite la circulación simultánea de dos vehículos, ¿quién tiene la prioridad de paso?","El vehículo que desciende.","El vehículo que asciende.","No hay prioridad, cualquiera de ellos.",,,"2","Respuesta según el cuestionario oficial de la Provincia de Buenos Aires."
"¿Cuándo se debe ceder el paso a los vehículos que desean incorporarse al tránsito desde el lugar donde estaban estacionados o desde un garaje?","Siempre, independientemente de cómo se encuentre el tránsito vehicular.","Cuando el tránsito se encuentra interrumpido por cualquier razón.","Nunca, independientemente de cómo se encuentre el tránsito vehicular.",,,"2","Respuesta según el cuestionario oficial de la Provincia de Buenos Aires."
"Es obligatorio al finalizar un adelantamiento...","Permanecer en el carril ocupado, independientemente de la fluidez del tránsito.","Incorporarse al carril derecho, si éste se encuentra libre, de forma gradual y sin obstaculizar la fluidez de tránsito.","Incorporarse al carril derecho, aunque ésto implique que otro vehículo deba modificar su velocidad.",,,"2","Respuesta según el cuestionario oficial de la Provincia de Buenos Aires."
"El vehículo, que circula por el carril destinado al tránsito lento, no puede abandonarlo para sobrepasar a otro vehículo que transita más lento.","Verdadero.","Falso.",,,,"2","Respuesta según el cuestionario oficial de la Provincia de Buenos Aires."
"El conductor del vehículo A quiere volver rápidamente al carril derecho porque ve ante él una situación de peligro, ¿qué debe hacer el conductor del vehículo B?","Aumentar la velocidad para que realice la maniobra detrás suyo.","Reducir la velocidad para facilitarle el retorno al carril.","Tocar bocina y hacer guiño de luces para indicarle que no debe realizar la maniobra.",,,"2","Respuesta según el cuestionario oficial de la Provincia de Buenos Aires."
"Al advertir que está por ser sobrepasado, ¿cuál debería ser su actitud?","Circular por la banquina.","Circular por la derecha de la calzada y mantenerse. En el caso de ser necesario, reducir la velocidad.","Ambas respuestas, A y B, son correctas.",,,"2","Respuesta según el cuestionario oficial de la Provincia de Buenos Aires."
"Cuando varios vehículos circulan encolumnados, ¿cuál de ellos tiene prioridad para realizar el sobrepaso?","El que lo intente primero.","El último de la fila.","El que circula más próximo al vehículo que se desea sobrepasar.",,,"3","Respuesta según el cuestionario oficial de la Provincia de Buenos Aires."
"Si al llegar a una intersección sin semáforos, se encuentra que el vehículo que está delante suyo está detenido esperando poder doblar hacia la izquierda, ¿qué debe hacer si ud. desea continuar en línea recta?","Sobrepasarlo por la derecha de manera segura, colocando luz de giro y observando por los espejos retrovisores.","Sobrepaso por la izquierda, colocando la luz de giro y observando por los espejos retrovisores.","Tocarle bocina para indicarle que debe seguir.",,,"1","Respuesta según el cuestionario oficial de la Provincia de Buenos Aires."
"Como norma general, ¿dónde está prohibido el sobrepaso de un vehículo?","Donde la delimitación de carriles es de trazo continuo.","En curvas, encrucijadas, pasos a nivel o puentes.","Ambas respuestas, A y B, son correctas.",,,"3","Respuesta según el cuestionario oficial de la Provincia de Buenos Aires."
"En un túnel, con ambos sentidos de circulación, ¿está permitido sobrepasar a un vehículo?","Sí, cuando no haya señal que lo prohíba.","No, ya que está prohibido por normativa.","Sí, si hay suficiente visibilidad.",,,"2","Respuesta según el cuestionario oficial de la Provincia de Buenos Aires."
"En una vía de doble sentido de circulación, ¿qué deberá comprobar antes de iniciar un sobrepaso?","Que el vehículo que antecede, no tenga las luces intermitentes encendidas y que ningún vehículo circule en sentido contrario, mientras dure la maniobra de sobrepaso.","Que ningún otro vehículo esté realizando la maniobra de sobrepaso.","Ambas respuestas, A y B, son correctas.",,,"3","Respuesta según el cuestionario oficial de la Provincia de Buenos Aires."
"El carril de sobrepaso en una autopista sirve para...","Circular por él cuando a la derecha existe otro carril disponible.","Circular por él siempre que se conduzca a la mayor velocidad permitida.","Realizar maniobras de sobrepaso.",,,"3","Respuesta según el cuestionario oficial de la Provincia de Buenos Aires."
"¿A qué se denomina “carril de aceleración”?","Es el carril de incorporación a una autopista.","Es el carril derecho de una autopista.","Es el carril izquierdo de una autopista.",,,"1","Respuesta según el cuestionario oficial de la Provincia de Buenos Aires."
"Al circular por una ruta a la velocidad máxima permitida sólo se está habilitado a superarla en el momento del sobrepaso.","Verdadero.","Falso.",,,,"2","Respuesta según el cuestionario oficial de la Provincia de Buenos Aires."
"Al pretender abandonar una autopista o semiautopista, ¿cuándo se debe reducir la velocidad?","Poco antes de abandonar la misma.","Cuando se haya entrado en el carril de desaceleración.","Cuando se ingresa a la nueva vía de circulación.",,,"2","Respuesta según el cuestionario oficial de la Provincia de Buenos Aires."
"Según la Ley Nacional N º 24.449, en carácter general, ¿cuál es la velocidad mínima permitida en las semiautopistas?","40 km/h.","50 km/h.","60 km/h.",,,"1","Respuesta según el cuestionario oficial de la Provincia de Buenos Aires."
"¿Qué se conoce como velocidad precautoria?","A la velocidad adecuada a las circunstancias (dentro de los límites establecidos) que permite mantener el total dominio del vehículo sin generar riesgo.","La circulación a la velocidad mínima establecida para una vía.","La circulación a no más de 30 km/h en calles y de 45 km/h en avenidas.",,,"1","Respuesta según el cuestionario oficial de la Provincia de Buenos Aires."
"¿A qué se denomina “distancia de seguridad”?","A la distancia mínima que se debe mantener con el vehículo que circula adelante para tener un mayor margen de reacción y en caso de frenada repentina no se colisione con él.","A la distancia que se debe mantener con el vehículo que circula en el carril paralelo, para realizar un sobrepaso seguro.","A la distancia que recorre el vehículo desde que el conductor percibe una situación de peligro hasta que acciona el freno.",,,"1","Respuesta según el cuestionario oficial de la Provincia de Buenos Aires."
"¿A qué se denomina “tiempo de reacción”?","Al tiempo que pasa desde que se empieza una maniobra hasta que se termina.","Al tiempo que pasa desde que se enciende el vehículo hasta que se empieza a circular.","Al tiempo que pasa desde que se advierte una situación de riesgo hasta que se toma una decisión.",,,"3","Respuesta según el cuestionario oficial de la Provincia de Buenos Aires."
"¿A qué se denomina “distancia de reacción”?","A la distancia que recorre un vehículo hasta su detención.","A la distancia que debe guardar un vehículo, respecto de otro, para poder maniobrar.","A la distancia que recorre un vehículo desde que el conductor percibe un peligro hasta que toma una decisión.",,,"3","Respuesta según el cuestionario oficial de la Provincia de Buenos Aires."
"Circular por debajo del límite mínimo de velocidad puede causar incidentes.","Verdadero.","Falso.",,,,"1","Respuesta según el cuestionario oficial de la Provincia de Buenos Aires."
"¿Qué relación existe entre la velocidad y el campo visual del conductor?","A mayor velocidad, menor campo visual.","A menor velocidad, menor campo visual.","A mayor velocidad, mayor campo visual.",,,"1","Respuesta según el cuestionario oficial de la Provincia de Buenos Aires."
"Los excesos de velocidad...","En la actualidad apenas tienen incidencia en los incidentes, debido a la seguridad de los vehículos.","Son responsables de la mayoría de los incidentes solamente en vías de doble sentido.","Son responsables de la mayoría de los incidentes fatales cualquiera sea la vía de circulación.",,,"3","Respuesta según el cuestionario oficial de la Provincia de Buenos Aires."
"Circular a velocidad constante y dentro de los límites establecidos por la Ley, además de minimizar las posibilidades de provocar un siniestro vial, puede optimizar el consumo de combustible en un vehículo.","Verdadero.","Falso.",,,,"1","Respuesta según el cuestionario oficial de la Provincia de Buenos Aires."
"Circular a mayor velocidad de la precautoria implica que aumenten las posibilidades de que un siniestro vial sea más grave.","Verdadero.","Falso.",,,,"1","Respuesta según el cuestionario oficial de la Provincia de Buenos Aires."
"Si al circular por ruta, el vehículo sale involuntariamente de la calzada, es recomendable:","Usar el freno de mano.","Desacelerar (no frenar).","Accionar fuertemente el pedal de freno.",,,"2","Respuesta según el cuestionario oficial de la Provincia de Buenos Aires."
"¿Qué línea debe tomarse de referencia cuando se detiene o estaciona en proximidad de una esquina?","La línea peatonal.","La línea imaginaria de prolongación de ochava.","La línea de edificación transversal.",,,"2","Respuesta según el cuestionario oficial de la Provincia de Buenos Aires."
"Encender las balizas permite detenerse en doble fila por un lapso de tiempo, entre 2 y 5 minutos.","Verdadero.","Falso.",,,,"2","Respuesta según el cuestionario oficial de la Provincia de Buenos Aires."
"¿Está permitido circular marcha atrás en Provincia de Buenos Aires?","No, salvo que se realice para estacionar, entrar o salir de un garaje (cuando no exista otra posibilidad) o salvar algún obstáculo.","Sí, se puede realizar en cualquier ocasión pero el trayecto para circular debe ser de pocos metros. C. Sí, siempre que se realice antes de llegar a la mitad de la cuadra y asegurándose de no poner en riesgo al resto de los vehículos.",,,,"1","Respuesta según el cuestionario oficial de la Provincia de Buenos Aires."
"Cuando un conductor realiza marcha atrás, ¿qué distancia puede recorrer?","No debe superar la mitad de una cuadra.","No más de 20 metros.","El recorrido mínimo e indispensable, siempre que se trate de una maniobra de estacionamiento.",,,"3","Respuesta según el cuestionario oficial de la Provincia de Buenos Aires."
"El ingreso hacia un garaje o estacionamiento, ¿cómo debe ser indicado por el conductor?","Con la luz de giro hacia el lado donde se irá a ingresar.","Con la luz de giro hacia el lado opuesto donde se irá a ingresar.","Con las luces intermitentes (balizas).",,,"3","Respuesta según el cuestionario oficial de la Provincia de Buenos Aires."
"Si usted está conduciendo y va a girar al llegar a una intersección, debe anticipar su maniobra utilizando la luz de giro correspondiente por lo menos...","20 metros antes de realizar la maniobra.","10 metros antes de realizar la maniobra.","30 metros antes de realizar la maniobra.",,,"3","Respuesta según el cuestionario oficial de la Provincia de Buenos Aires."
"Para realizar correctamente un giro en una intersección se debe indicar...","Tocando bocina.","Utilizando la luz de giro del lado correspondiente, al menos 30 metros antes.","Utilizando ambos giros, metros antes de llegar a la intersección.",,,"2","Respuesta según el cuestionario oficial de la Provincia de Buenos Aires."
"Circular con la luz alta encendida está prohibido en zonas urbanas.","Verdadero.","Falso.",,,,"1","Respuesta según el cuestionario oficial de la Provincia de Buenos Aires."
"¿está permitido colocar a un automóvil particular luces adicionales?","Está permitido el agregado de dos faros rompeniebla y de hasta dos faros elevados con luces de freno.","Sí. Se puede agregar las luces que se deseen ya que cuanto más capacidad de iluminación tenga el vehículo, mejor visibilidad tendrá el conductor.","No, está prohibido agregar cualquier tipo de luz adicional. Sólo se podrá reponer las que traiga de fábrica, en caso de destrucción.",,,"1","Respuesta según el cuestionario oficial de la Provincia de Buenos Aires."
"El sistema de luces que posee un vehículo, además de iluminar, brinda información que permite la comunicación entre vehículos y también peatones.","Verdadero.","Falso.",,,,"1","Respuesta según el cuestionario oficial de la Provincia de Buenos Aires."
"¿A qué se denomina “aquaplaning”?","Cuando la cantidad de agua caída en una lluvia es abundante.","A la pérdida de adherencia del neumático al piso a causa de la capa de agua acumulada en el pavimento, que es mayor a la cantidad que se puede expulsar a través de los dibujos de los neumáticos.","Al estado resbaladizo en el que se encuentra la calzada luego de una llovizna.",,,"2","Respuesta según el cuestionario oficial de la Provincia de Buenos Aires."
"Cuando hay agua en el camino, debe reducir su velocidad para evitar…","Desgastar las llantas.","Sobrecalentar las llantas.","El aquaplaning.",,,"3","Respuesta según el cuestionario oficial de la Provincia de Buenos Aires."
"Si la calzada está mojada y hay charcos, ¿pueden perder eficacia los frenos?","No, al contrario, se mejora la adherencia porque los neumáticos se limpian.","Sí, porque al mojarse pueden no funcionar eficazmente.","No, porque justamente los frenos sirven para contrarrestar los efectos de la calzada resbaladiza.",,,"2","Respuesta según el cuestionario oficial de la Provincia de Buenos Aires."
"Conducir de noche aumenta el riesgo de sufrir un incidente.","Verdadero.","Falso.",,,,"1","Respuesta según el cuestionario oficial de la Provincia de Buenos Aires."
"La niebla, como factor de riesgo, produce modificaciones en…","El campo visual del conductor, su percepción del entorno, la capacidad lumínica del vehículo y la adherencia de las cubiertas.","El campo visual del conductor y la capacidad lumínica del vehículo.","Sólo afecta la capacidad lumínica del vehículo.",,,"1","Respuesta según el cuestionario oficial de la Provincia de Buenos Aires."
"En condiciones de viento fuerte, es recomendable realizar los sobrepasos de un camión con una diferencia de velocidad no demasiado elevada.","Verdadero.","Falso.",,,,"1","Respuesta según el cuestionario oficial de la Provincia de Buenos Aires."
"Si el conductor de un vehículo circula con las balizas encendidas, toca repetidamente la bocina y el acompañante saca el brazo agitando un pañuelo. ¿Qué está indicando?","Que el vehículo tiene un desperfecto.","Que se encuentra en emergencia, transportando a una persona en grave estado de salud.","Ambas respuestas, la A y la B, son correctas.",,,"2","Respuesta según el cuestionario oficial de la Provincia de Buenos Aires."
"Si al conducir por una autopista advierte que el vehículo presenta una falla grave, pero a pesar de ella puede seguir circulando; ¿qué se recomienda hacer en estos casos?","Seguir circulando por la autopista pero por el carril de desaceleración, destinado a los vehículos lentos.","Circular por el carril derecho y en la próxima salida abandonar la autopista para llamar al auxilio del vehículo.","Continuar a baja velocidad, manteniéndose en el carril, independientemente de cuál fuera.",,,"2","Respuesta según el cuestionario oficial de la Provincia de Buenos Aires."
"¿A qué se denomina conducción preventiva?","A controlar el buen funcionamiento del vehículo, los niveles de combustible, aceite e inflado de neumáticos.","A adoptar conductas cautelosas al conducir, que consideran la responsabilidad por los actos que se llevan a cabo y a anticipar la conducta de los demás.","A realizar cursos viales cada seis meses.",,,"2","Respuesta según el cuestionario oficial de la Provincia de Buenos Aires."
"Una conducción preventiva o anticipada prevé que todos podemos cometer errores, a pesar de conocer la normativa y la concientización gubernamental.","Verdadero.","Falso.",,,,"1","Respuesta según el cuestionario oficial de la Provincia de Buenos Aires."
"¿A qué se denomina conducción eficiente?","A una conducción que disminuya los riesgos de seguridad vial y logre un menor consumo de combustible.","A una conducción que logre llegar a destino en el menor tiempo posible.","A una conducción que mantenga durante todo el trayecto la misma velocidad.",,,"1","Respuesta según el cuestionario oficial de la Provincia de Buenos Aires."
"Si los espejos retrovisores de su vehículo están bien orientados, igualmente es posible que se produzcan puntos ciegos cuando observe por los mismos.","Verdadero.","Falso.",,,,"1","Respuesta según el cuestionario oficial de la Provincia de Buenos Aires."
"¿Cómo se pueden reducir los puntos ciegos al conducir un vehículo?","Acomodar correctamente los espejos retrovisores antes de iniciar la marcha. Mientras se circula, además de revisar los espejos retrovisores, utilizar la visión periférica dando vistazos por encima de los hombros cuando sea necesario.","Antes de realizar una maniobra se debe disminuir la velocidad de circulación, colocar la luz de giro y mirar por los espejos realizando un pequeño movimiento corporal hacia adelante para ampliar el ángulo de visión.","Ambas respuestas, A y B, son correctas.",,,"3","Respuesta según el cuestionario oficial de la Provincia de Buenos Aires."
"¿A qué se llama “Punto Ciego”?","Al área de visión del entorno, a la que el conductor no tiene acceso ya sea de manera directa o porque los espejos retrovisores no la reflejan.","Sólo al área de visión que no es cubierta por los espejos retrovisores.","Al punto imaginario ubicado en el horizonte de una ruta.",,,"1","Respuesta según el cuestionario oficial de la Provincia de Buenos Aires."
"Para realizar una conducción segura, ¿cuándo es recomendable verificar la orientación de los espejos retrovisores?","Antes de iniciar la marcha.","Durante la conducción, para poder hacer una prueba real.","Con el vehículo inmovilizado y el conductor fuera del mismo.",,,"1","Respuesta según el cuestionario oficial de la Provincia de Buenos Aires."
"Todos los cristales de un vehículo deben garantizar visibilidad...","Solamente de adentro del automóvil hacia afuera.","Desde adentro hacia fuera y de afuera hacia adentro del vehículo.","El único cristal que debe garantizar plena y total visibilidad es el parabrisas.",,,"2","Respuesta según el cuestionario oficial de la Provincia de Buenos Aires."
"¿Qué se entiende por habitáculo?","Al espacio a ser ocupado por el conductor y los pasajeros.","Al lugar en el cual se transporta el equipaje (Baúl).","Comprende a todo el vehículo en general.",,,"1","Respuesta según el cuestionario oficial de la Provincia de Buenos Aires."
"¿Cómo deben encontrarse los neumáticos para comprobar la correcta presión de aire?","Fríos.","Calientes.","Es indistinto, al ser de caucho se mantienen aislados de la temperatura.",,,"1","Respuesta según el cuestionario oficial de la Provincia de Buenos Aires."
"¿En qué momento es necesario renovar el siguiente elemento de seguridad? Cuando la profundidad del dibujo es menor de…","1,6 mm.","2 mm.","3 mm.",,,"1","Respuesta según el cuestionario oficial de la Provincia de Buenos Aires."
"Si el sistema de amortiguación delantero de su vehículo se encuentra en mal estado, ¿puede afectar esta anomalía la conducción?","No, porque al ser el sistema de suspensión delantero el deteriorado, éste no influirá en la conducción.","Sí, puede afectar al correcto control del vehículo.","No, porque si se encuentra correctamente la suspensión trasera, ésta asegurará el contacto adecuado de las ruedas con la calzada.",,,"2","Respuesta según el cuestionario oficial de la Provincia de Buenos Aires."
"¿En qué ocasiones se permite el uso de la bocina?","Sólo para advertir una situación potencialmente de peligro.","Sólo para advertir de un sobrepaso.","Ambas respuestas, la A y la B, son incorrectas.",,,"1","Respuesta según el cuestionario oficial de la Provincia de Buenos Aires."
"Los objetos sueltos como lentes, celular, llaves o similares resultan muy peligrosos en caso de incidentes o maniobras bruscas, porque pueden ocasionar una lesión grave producto de la energía cinética que poseen.","Verdadero.","Falso.",,,,"1","Respuesta según el cuestionario oficial de la Provincia de Buenos Aires."
"Al transportar cualquier elemento, éste debe ubicarse de modo que no perturbe la visibilidad, afecte peligrosamente las condiciones aerodinámicas del vehículo, oculte luces o sobresalga de los límites permitidos.","Verdadero.","Falso.",,,,"1","Respuesta según el cuestionario oficial de la Provincia de Buenos Aires."
"¿En qué parte del vehículo es conveniente poner el equipaje?","Lo más pesado en el fondo del baúl, cerca del centro del auto. Eso ayuda a la estabilidad direccional y al comportamiento en las curvas.","Lo más pesado en el techo del vehículo, sujeto con sogas. Eso ayuda al centro de gravedad.","Lo más pesado en los asientos traseros (si es que se viaja sin ocupantes en esa zona).",,,"1","Respuesta según el cuestionario oficial de la Provincia de Buenos Aires."
"Eso ayuda a la estabilidad direccional. ¿Quién es el responsable frente a la autoridad de control, si uno de los pasajeros del automóvil no lleva puesto el cinturón de seguridad?","El tomador del seguro.","El pasajero, si es mayor de edad.","El conductor.",,,"3","Respuesta según el cuestionario oficial de la Provincia de Buenos Aires."
"Durante un siniestro, si el conductor del vehículo no lleva puesto el cinturón de seguridad, el airbag...","Le salvará la vida ya que puede sustituir al cinturón de seguridad.","Evitará que sufra lesiones, siempre y cuando el siniestro se produzca a menos de 80 km/h.","Puede provocar lesiones graves.",,,"3","Respuesta según el cuestionario oficial de la Provincia de Buenos Aires."
"Luego de un largo viaje en ruta, realizó una parada y le faltan muy pocos kilómetros para llegar a destino, ¿es necesario que todos los ocupantes vuelvan a ponerse el cinturón de seguridad?","No, sólo es obligatorio para los que se ubiquen en los asientos delanteros.","No, porque se está por llegar a destino.","Sí, porque su uso es obligatorio para todos los ocupantes.",,,"3","Respuesta según el cuestionario oficial de la Provincia de Buenos Aires."
"Requisitos para automotores El dispositivo de airbag de un vehículo constituye un elemento de seguridad de tipo Activa","Verdadero","Falso",,,,"2","Respuesta según el cuestionario oficial de la Provincia de Buenos Aires."
"La seguridad Activa consiste","Reducir al mínimo los daños que se pueden producir cuando acontece un sienestro.","Compone el conjunto de soluciones técnicas y el contenido de los elementos que hacen distendida la vida a bordo del vehículo.","Está orientada a evitar al máximo los siniestros viales y comprende el conjunto de todos aquellos elementos que contribuyen a propocionar una mayor eficacia en la conducción garantizando respuestas eficaces.",,,"3","Respuesta según el cuestionario oficial de la Provincia de Buenos Aires."
"La seguridad Pasiva consiste","Reducir al mínimo los daños que se pueden producir cuando acontece un sienestro.","Compone el conjunto de soluciones técnicas y el contenido de los elementos que hacen distendida la vida a bordo del vehículo.","Está orientada a evitar al máximo los siniestros viales y comprende el conjunto de todos aquellos elementos que contribuyen a propocionar una mayor eficacia en la conducción garantizando respuestas eficaces.",,,"1","Respuesta según el cuestionario oficial de la Provincia de Buenos Aires."
"La seguridad Preventiva consiste","Reducir al mínimo los daños que se pueden producir cuando acontece un sienestro.","Compone el conjunto de soluciones técnicas y el contenido de los elementos que hacen distendida la vida a bordo del vehículo.","Está orientada a evitar al máximo los siniestros viales y comprende el conjunto de todos aquellos elementos que contribuyen a propocionar una mayor eficacia en la conducción garantizando respuestas eficaces.",,,"2","Respuesta según el cuestionario oficial de la Provincia de Buenos Aires."
"Marque con una cruz los elementos de segurdad Activa que se detallan a continuación. (Pueden ser todos, varios o ninguno).","airbag","Sistema de frenos","Sistema de dirección hidráulica.","Cinturones de seguridad","Sillas porta bebé","2,3","Respuesta según el cuestionario oficial de la Provincia de Buenos Aires."
"Definición de Automóvil: el automotor para el transporte de personas de hasta ocho plazas (excluido conductor) con cuatro o más ruedas, y los de tres ruedas que exceda los mil quinientos kg de peso;","Verdadero","Falso",,,,"2","Respuesta según el cuestionario oficial de la Provincia de Buenos Aires."
"Además de ser trasladados en el asiento trasero del vehículo, deberán ubicarse en el dispositivo de retención infantil correspondiente:","los menores de 2 años","Los menores de 3 años","Los menores de 4 años Sistema de iluminación",,,"3","Respuesta según el cuestionario oficial de la Provincia de Buenos Aires."
"Los faros delanteros deben ser:","De luz blanca únicamente","De luz blanca o amarilla indistintamente","De luz amarilla únicamente",,,"2","Respuesta según el cuestionario oficial de la Provincia de Buenos Aires."
"Los faros delanteros:","No indican sentido de marcha","Sólo indican el sentido de marcha si son amarillas","Indican el sentido de marcha",,,"3","Respuesta según el cuestionario oficial de la Provincia de Buenos Aires."
"Las luces de posición traseras deben ser:","De color blanco","De color blanco o rojo indistintamente","De color rojo",,,"3","Respuesta según el cuestionario oficial de la Provincia de Buenos Aires."
"La luz de retroceso debe ser:","De color amarillo","De color blanco","De color rojo",,,"2","Respuesta según el cuestionario oficial de la Provincia de Buenos Aires."
"Marque con una cruz los elementos de segurdad Pasiva que se detallan a continuación. (Pueden ser todos, varios o ninguno).","Airbag.","Cinturones de seguridad.","apoya cabezas","asientos",,"1,2,3,4","Respuesta según el cuestionario oficial de la Provincia de Buenos Aires."
"La profundidad del dibujo del neumático debe tener como mínimo","1,4 mm","1,6 mm","1,8 mm",,,"2","Respuesta según el cuestionario oficial de la Provincia de Buenos Aires."
"Que es el aquaplanning","Es una película de agua que se forma entre las cubiertas y el guardabarros del vehíuclo.","Es una película de agua que se forma debajo de las cubiertas.","Es una película de agua que se forma por encima de las cubiertas.",,,"2","Respuesta según el cuestionario oficial de la Provincia de Buenos Aires."
"Las señales de demarcación horizontal longitudinales blancas separan las corrientes de tránsito en dirección opuesta.","Verdadero","Falso",,,,"2","Respuesta según el cuestionario oficial de la Provincia de Buenos Aires."
"Las señales de demarcación horizontal longitudinales blancas delimitan los carriles de ciruclación y tienen carácter permisivo para cambiar de carril.","Verdadero","Falso",,,,"2","Respuesta según el cuestionario oficial de la Provincia de Buenos Aires."
"Las señales de demarcación horizontal blancas de trazo intermitente delimitan los carriles de ciruclación y tienen carácter prohibitivo para cambiar de carril.","Verdadero","Falso",,,,"2","Respuesta según el cuestionario oficial de la Provincia de Buenos Aires."
"Otro de los dispositivos de seguridad que tienen los automóviles y son de seguridad preventiva son: Marque con una cruz","Equipo de audio.","climatización.","de visibilidad.",,,"2,3","Respuesta según el cuestionario oficial de la Provincia de Buenos Aires."
"Existen tres (3) tipos de desgastes de los neumáticos. En el centro, en los talones y el anormal rápido.","Verdadero","Falso",,,,"2","Respuesta según el cuestionario oficial de la Provincia de Buenos Aires."
"El airbag debe estar ubicado entre el conductor y el volante a una distancia de:","30cm.","25cm.","35cm.",,,"2","Respuesta según el cuestionario oficial de la Provincia de Buenos Aires."
"En las vías reguladas por semáforos, los vehículos deben:","Con luz roja, detenerse antes de la línea marcada a tal efecto o de la senda peatonal, evitando luego cualquier movimiento","Con luz roja, detenerse sobre la línea marcada a tal efecto o de la senda peatonal, evitando luego cualquier movimiento.","Con luz roja, detenerse antes de la línea marcada a tal efecto o de la senda peatonal, realizando movimientos hasta que se ponga la luz verde.",,,"1","Respuesta según el cuestionario oficial de la Provincia de Buenos Aires."
"Los amortiguadores tienen como función proporcionar seguridad y confort durante la conducción, aportando estabilidad al vehículo.","Verdadero","Falso",,,,"2","Respuesta según el cuestionario oficial de la Provincia de Buenos Aires."
"Otro de los dispositivos de seguridad que como minimo deben tener los automoviles es:","Equipo de audio.","Porta equipaje.","Sistema motriz de retroceso.",,,"3","Respuesta según el cuestionario oficial de la Provincia de Buenos Aires."
"El uso correcto del apoya cabezas en un vehículo es:","Muy abajo, donde la parte saliente quede a la altura del cuello del usuario.","Muy atrás en relación con la posición de la cabeza.","La distancia entre el apoya cabezas y la nunca del usuario no debe ser mayor a 5 cm.",,,"3","Respuesta según el cuestionario oficial de la Provincia de Buenos Aires."
"El tiempo apróximado de recuperación por la ingesta de 400 cm3 de bebida alocholica es","de 2 a 3 hs.","de 2 a 4 hs.","de 3 a 5 hs.",,,"2","Respuesta según el cuestionario oficial de la Provincia de Buenos Aires."
"El mal estado de los amortiguadores de un vehículo produce:","Una mayor distancia de frenado y estabilidad.","El no desgaste de los neumáticos.","Una mayor inestabilidad de la dirección.",,,"1","Respuesta según el cuestionario oficial de la Provincia de Buenos Aires."
"El cinturón de seguridad en los vehículos:","Disminuye los riesgos y consecuencias de los siniestros de tránsito.","Debe usarse sólo cuando se conduce fuera del ámbito urbano (rutas, autopistas, etc.).","Disminuye la posibilidad de incurrir en un siniestro vial.",,,"1","Respuesta según el cuestionario oficial de la Provincia de Buenos Aires."
"¿Cual es la distancia de seguridad que debe dejarse entre vehiculos al circular en ciudad?","50 mts (3 segundos)","80 mts (4 segundos)","30 mts (2 segundos)",,,"3","Respuesta según el cuestionario oficial de la Provincia de Buenos Aires."
"¿Cuándo un vehículo está “Detenido”?:","Al momento de carga y descarga de mercaderías, sin movimiento ni conductor a bordo","Al momento de ascenso y descenso de pasajeros o carga y descarga de mercadería, sin movimiento pero con su conductor a bordo","En cualquier circunstancia, sin movimiento ni conductor a bordo",,,"2","Respuesta según el cuestionario oficial de la Provincia de Buenos Aires."
"Al momento de producirse un sisniestro vial, se deben colocar los triángulos de emergencias a fin de señalizar el sinsiestro a una distancia de","50 mts del vehículo.","60 mts del vehículo.","70 mts del vehículo.",,,"1","Respuesta según el cuestionario oficial de la Provincia de Buenos Aires."
"Marque cual de los siguientes motivos son causales de siniestros en las rutas. Pueden ser todos, algunos o ninguno.","Falta de atención al conducir.","Adelantamientos indebidos.","Somnolencia del conductor.",,,"1,2,3","Respuesta según el cuestionario oficial de la Provincia de Buenos Aires."
"¿Puede un vehículo no destinado a remolque, remolcar a otros?","Si.","No, salvo casos de fuerza mayor.","No, en ningún caso.",,,"2","Respuesta según el cuestionario oficial de la Provincia de Buenos Aires."
"La prioridad de paso de un vehículo se pierde:","Ante el paso de vehículos de mayor porte.","Ante vehículos del servicio público de urgencia, en cumplimiento de su misión.","Nunca se pierde.",,,"2","Respuesta según el cuestionario oficial de la Provincia de Buenos Aires."
"El titular de una licencia de conducir tiene un plazo de gracia de 60 (sesenta) días para gestionar la renovación de su licencia una vez vencida la misma. En ese lapso de tiempo está en condiciones de renovar pero no de manejar.","Verdadero","Falso",,,,"2","Respuesta según el cuestionario oficial de la Provincia de Buenos Aires."
"Cuando un automóvil es conducido por un camino con nieve o hielo, ¿cuál es la maniobra correcta que se debe realizar?:","Conducir el vehículo con el freno de manos activado, sobrepasando a los demás vehículos.","Conducir con regularidad, evitando frenar bruscamente y no sobrepasando a otros vehículos.","Conducir a la menor velocidad posible con las balizas encendidas sin sobrepasar a otros.",,,"2","Respuesta según el cuestionario oficial de la Provincia de Buenos Aires."
"El uso de enganches sobresalientes:","Está permitido en vehículos de carga","Está permitido en zonas de baja densidad de tránsito","Está prohibido",,,"3","Respuesta según el cuestionario oficial de la Provincia de Buenos Aires."
"¿En qué circunstancia está permitido circular sin respetar distancias prudentes con el vehículo que va adelante?","Transitando vías multicarriles","En toda circunstancia, si no se trata de vehículos de carga","Está prohibido en toda circunstancia",,,"3","Respuesta según el cuestionario oficial de la Provincia de Buenos Aires."
